Date,Sales,ProductCategory,CountryCode
201501,28183,gift_sets,C1
201502,25136,gift_sets,C1
201503,27156,gift_sets,C1
201504,27587,gift_sets,C1
201505,23315,gift_sets,C1
201506,24639,gift_sets,C1
201507,29805,gift_sets,C1
201508,37025,gift_sets,C1
201509,31759,gift_sets,C1
201510,30501,gift_sets,C1
201511,31826,gift_sets,C1
201512,53914,gift_sets,C1
201601,28149,gift_sets,C1
201602,23413,gift_sets,C1
201603,26560,gift_sets,C1
201604,23149,gift_sets,C1
201605,22917,gift_sets,C1
201606,22917,gift_sets,C1
201607,28779,gift_sets,C1
201608,35336,gift_sets,C1
201609,30600,gift_sets,C1
201610,29805,gift_sets,C1
201611,31627,gift_sets,C1
201612,52458,gift_sets,C1
201701,26427,gift_sets,C1
201702,22486,gift_sets,C1
201703,22288,gift_sets,C1
201704,23711,gift_sets,C1
201705,23017,gift_sets,C1
201706,20831,gift_sets,C1
201707,26262,gift_sets,C1
201708,32719,gift_sets,C1
201709,31263,gift_sets,C1
201710,28779,gift_sets,C1
201711,30600,gift_sets,C1
201712,51960,gift_sets,C1
201801,25765,gift_sets,C1
201802,22321,gift_sets,C1
201803,24010,gift_sets,C1
201804,22619,gift_sets,C1
201805,20566,gift_sets,C1
201806,21328,gift_sets,C1
201807,26295,gift_sets,C1
201808,31726,gift_sets,C1
201809,31461,gift_sets,C1
201810,27818,gift_sets,C1
201811,30236,gift_sets,C1
201812,49874,gift_sets,C1
201901,23778,gift_sets,C1
201902,22354,gift_sets,C1
201903,24440,gift_sets,C1
201904,22023,gift_sets,C1
201905,19406,gift_sets,C1
201906,20864,gift_sets,C1
201907,25036,gift_sets,C1
201908,30302,gift_sets,C1
201909,29176,gift_sets,C1
201910,26361,gift_sets,C1
201911,30302,gift_sets,C1
201912,47854,gift_sets,C1
202001,22453,gift_sets,C1
202002,19175,gift_sets,C1
202003,21592,gift_sets,C1
202004,21328,gift_sets,C1
202005,19639,gift_sets,C1
202006,18721,gift_sets,C1
202007,,gift_sets,C1
202008,,gift_sets,C1
202009,,gift_sets,C1
201501,60604,nail&hair,C1
201502,54991,nail&hair,C1
201503,61250,nail&hair,C1
201504,55339,nail&hair,C1
201505,53948,nail&hair,C1
201506,57773,nail&hair,C1
201507,62641,nail&hair,C1
201508,58071,nail&hair,C1
201509,59461,nail&hair,C1
201510,61101,nail&hair,C1
201511,69893,nail&hair,C1
201512,80027,nail&hair,C1
201601,68800,nail&hair,C1
201602,55140,nail&hair,C1
201603,59710,nail&hair,C1
201604,56481,nail&hair,C1
201605,52408,nail&hair,C1
201606,56928,nail&hair,C1
201607,61647,nail&hair,C1
201608,55140,nail&hair,C1
201609,64728,nail&hair,C1
201610,67757,nail&hair,C1
201611,76401,nail&hair,C1
201612,88323,nail&hair,C1
201701,71135,nail&hair,C1
201702,57971,nail&hair,C1
201703,61846,nail&hair,C1
201704,62293,nail&hair,C1
201705,59064,nail&hair,C1
201706,54494,nail&hair,C1
201707,60455,nail&hair,C1
201708,52656,nail&hair,C1
201709,71383,nail&hair,C1
201710,74663,nail&hair,C1
201711,77494,nail&hair,C1
201712,90807,nail&hair,C1
201801,69000,nail&hair,C1
201802,61995,nail&hair,C1
201803,69148,nail&hair,C1
201804,62839,nail&hair,C1
201805,57971,nail&hair,C1
201806,63634,nail&hair,C1
201807,70440,nail&hair,C1
201808,59710,nail&hair,C1
201809,72228,nail&hair,C1
201810,74961,nail&hair,C1
201811,76401,nail&hair,C1
201812,95377,nail&hair,C1
201901,64280,nail&hair,C1
201902,63932,nail&hair,C1
201903,65323,nail&hair,C1
201904,63386,nail&hair,C1
201905,56432,nail&hair,C1
201906,63137,nail&hair,C1
201907,60505,nail&hair,C1
201908,61697,nail&hair,C1
201909,69844,nail&hair,C1
201910,73023,nail&hair,C1
201911,73868,nail&hair,C1
201912,98308,nail&hair,C1
202001,70589,nail&hair,C1
202002,60704,nail&hair,C1
202003,70837,nail&hair,C1
202004,61647,nail&hair,C1
202005,61796,nail&hair,C1
202006,61624,nail&hair,C1
202007,,nail&hair,C1
202008,,nail&hair,C1
202009,,nail&hair,C1
201501,18584,painkillers&stomachtablets,C1
201502,17391,painkillers&stomachtablets,C1
201503,22330,painkillers&stomachtablets,C1
201504,20571,painkillers&stomachtablets,C1
201505,22027,painkillers&stomachtablets,C1
201506,22747,painkillers&stomachtablets,C1
201507,25302,painkillers&stomachtablets,C1
201508,25055,painkillers&stomachtablets,C1
201509,24204,painkillers&stomachtablets,C1
201510,22765,painkillers&stomachtablets,C1
201511,23277,painkillers&stomachtablets,C1
201512,35577,painkillers&stomachtablets,C1
201601,18223,painkillers&stomachtablets,C1
201602,16464,painkillers&stomachtablets,C1
201603,20722,painkillers&stomachtablets,C1
201604,20703,painkillers&stomachtablets,C1
201605,21384,painkillers&stomachtablets,C1
201606,21309,painkillers&stomachtablets,C1
201607,23333,painkillers&stomachtablets,C1
201608,27137,painkillers&stomachtablets,C1
201609,23504,painkillers&stomachtablets,C1
201610,22690,painkillers&stomachtablets,C1
201611,23031,painkillers&stomachtablets,C1
201612,35521,painkillers&stomachtablets,C1
201701,18129,painkillers&stomachtablets,C1
201702,17732,painkillers&stomachtablets,C1
201703,20040,painkillers&stomachtablets,C1
201704,20249,painkillers&stomachtablets,C1
201705,21062,painkillers&stomachtablets,C1
201706,19189,painkillers&stomachtablets,C1
201707,21838,painkillers&stomachtablets,C1
201708,26285,painkillers&stomachtablets,C1
201709,23541,painkillers&stomachtablets,C1
201710,23485,painkillers&stomachtablets,C1
201711,22936,painkillers&stomachtablets,C1
201712,37224,painkillers&stomachtablets,C1
201801,20343,painkillers&stomachtablets,C1
201802,20400,painkillers&stomachtablets,C1
201803,24317,painkillers&stomachtablets,C1
201804,22387,painkillers&stomachtablets,C1
201805,23315,painkillers&stomachtablets,C1
201806,25698,painkillers&stomachtablets,C1
201807,24468,painkillers&stomachtablets,C1
201808,24677,painkillers&stomachtablets,C1
201809,22349,painkillers&stomachtablets,C1
201810,22274,painkillers&stomachtablets,C1
201811,21441,painkillers&stomachtablets,C1
201812,38321,painkillers&stomachtablets,C1
201901,19019,painkillers&stomachtablets,C1
201902,18659,painkillers&stomachtablets,C1
201903,22917,painkillers&stomachtablets,C1
201904,21441,painkillers&stomachtablets,C1
201905,18281,painkillers&stomachtablets,C1
201906,21195,painkillers&stomachtablets,C1
201907,21838,painkillers&stomachtablets,C1
201908,22406,painkillers&stomachtablets,C1
201909,21535,painkillers&stomachtablets,C1
201910,21441,painkillers&stomachtablets,C1
201911,23825,painkillers&stomachtablets,C1
201912,33779,painkillers&stomachtablets,C1
202001,19586,painkillers&stomachtablets,C1
202002,21214,painkillers&stomachtablets,C1
202003,22823,painkillers&stomachtablets,C1
202004,22539,painkillers&stomachtablets,C1
202005,21724,painkillers&stomachtablets,C1
202006,22710,painkillers&stomachtablets,C1
202007,,painkillers&stomachtablets,C1
202008,,painkillers&stomachtablets,C1
202009,,painkillers&stomachtablets,C1
202007,,perfume,C1
202008,,perfume,C1
202009,,perfume,C1
201501,21755,gift_sets,C2
201502,19403,gift_sets,C2
201503,20962,gift_sets,C2
201504,21294,gift_sets,C2
201505,17997,gift_sets,C2
201506,19019,gift_sets,C2
201507,23008,gift_sets,C2
201508,28580,gift_sets,C2
201509,24516,gift_sets,C2
201510,23545,gift_sets,C2
201511,24567,gift_sets,C2
201512,41618,gift_sets,C2
201601,21729,gift_sets,C2
201602,18074,gift_sets,C2
201603,20503,gift_sets,C2
201604,17869,gift_sets,C2
201605,17691,gift_sets,C2
201606,17691,gift_sets,C2
201607,22215,gift_sets,C2
201608,27277,gift_sets,C2
201609,23621,gift_sets,C2
201610,23008,gift_sets,C2
201611,24414,gift_sets,C2
201612,40493,gift_sets,C2
201701,20400,gift_sets,C2
201702,17358,gift_sets,C2
201703,17204,gift_sets,C2
201704,18304,gift_sets,C2
201705,17767,gift_sets,C2
201706,16080,gift_sets,C2
201707,20272,gift_sets,C2
201708,25257,gift_sets,C2
201709,24132,gift_sets,C2
201710,22215,gift_sets,C2
201711,23621,gift_sets,C2
201712,40110,gift_sets,C2
201801,19888,gift_sets,C2
201802,17230,gift_sets,C2
201803,18534,gift_sets,C2
201804,17460,gift_sets,C2
201805,15875,gift_sets,C2
201806,16463,gift_sets,C2
201807,20298,gift_sets,C2
201808,24490,gift_sets,C2
201809,24286,gift_sets,C2
201810,21474,gift_sets,C2
201811,23340,gift_sets,C2
201812,38500,gift_sets,C2
201901,18355,gift_sets,C2
201902,17256,gift_sets,C2
201903,18866,gift_sets,C2
201904,17000,gift_sets,C2
201905,14981,gift_sets,C2
201906,16105,gift_sets,C2
201907,19327,gift_sets,C2
201908,23391,gift_sets,C2
201909,22522,gift_sets,C2
201910,20349,gift_sets,C2
201911,23391,gift_sets,C2
201912,36940,gift_sets,C2
202001,17332,gift_sets,C2
202002,14801,gift_sets,C2
202003,16668,gift_sets,C2
202004,16463,gift_sets,C2
202005,15159,gift_sets,C2
202006,14451,gift_sets,C2
202007,,gift_sets,C2
202008,,gift_sets,C2
202009,,gift_sets,C2
201501,46782,nail&hair,C2
201502,42449,nail&hair,C2
201503,47281,nail&hair,C2
201504,42718,nail&hair,C2
201505,41644,nail&hair,C2
201506,44597,nail&hair,C2
201507,48354,nail&hair,C2
201508,44827,nail&hair,C2
201509,45900,nail&hair,C2
201510,47166,nail&hair,C2
201511,53952,nail&hair,C2
201512,61775,nail&hair,C2
201601,53109,nail&hair,C2
201602,42564,nail&hair,C2
201603,46092,nail&hair,C2
201604,43599,nail&hair,C2
201605,40455,nail&hair,C2
201606,43944,nail&hair,C2
201607,47587,nail&hair,C2
201608,42564,nail&hair,C2
201609,49965,nail&hair,C2
201610,52304,nail&hair,C2
201611,58976,nail&hair,C2
201612,68180,nail&hair,C2
201701,54911,nail&hair,C2
201702,44749,nail&hair,C2
201703,47741,nail&hair,C2
201704,48086,nail&hair,C2
201705,45594,nail&hair,C2
201706,42065,nail&hair,C2
201707,46667,nail&hair,C2
201708,40647,nail&hair,C2
201709,55103,nail&hair,C2
201710,57634,nail&hair,C2
201711,59820,nail&hair,C2
201712,70097,nail&hair,C2
201801,53263,nail&hair,C2
201802,47856,nail&hair,C2
201803,53377,nail&hair,C2
201804,48508,nail&hair,C2
201805,44749,nail&hair,C2
201806,49121,nail&hair,C2
201807,54375,nail&hair,C2
201808,46092,nail&hair,C2
201809,55755,nail&hair,C2
201810,57864,nail&hair,C2
201811,58976,nail&hair,C2
201812,73624,nail&hair,C2
201901,49620,nail&hair,C2
201902,49351,nail&hair,C2
201903,50425,nail&hair,C2
201904,48929,nail&hair,C2
201905,43561,nail&hair,C2
201906,48738,nail&hair,C2
201907,46706,nail&hair,C2
201908,47625,nail&hair,C2
201909,53914,nail&hair,C2
201910,56369,nail&hair,C2
201911,57020,nail&hair,C2
201912,75887,nail&hair,C2
202001,54490,nail&hair,C2
202002,46858,nail&hair,C2
202003,54681,nail&hair,C2
202004,47587,nail&hair,C2
202005,47703,nail&hair,C2
202006,47570,nail&hair,C2
202007,,nail&hair,C2
202008,,nail&hair,C2
202009,,nail&hair,C2
201501,14345,painkillers&stomachtablets,C2
201502,13424,painkillers&stomachtablets,C2
201503,17237,painkillers&stomachtablets,C2
201504,15879,painkillers&stomachtablets,C2
201505,17003,painkillers&stomachtablets,C2
201506,17559,painkillers&stomachtablets,C2
201507,19531,painkillers&stomachtablets,C2
201508,19341,painkillers&stomachtablets,C2
201509,18683,painkillers&stomachtablets,C2
201510,17574,painkillers&stomachtablets,C2
201511,17968,painkillers&stomachtablets,C2
201512,27463,painkillers&stomachtablets,C2
201601,14068,painkillers&stomachtablets,C2
201602,12709,painkillers&stomachtablets,C2
201603,15996,painkillers&stomachtablets,C2
201604,15981,painkillers&stomachtablets,C2
201605,16507,painkillers&stomachtablets,C2
201606,16449,painkillers&stomachtablets,C2
201607,18012,painkillers&stomachtablets,C2
201608,20948,painkillers&stomachtablets,C2
201609,18143,painkillers&stomachtablets,C2
201610,17515,painkillers&stomachtablets,C2
201611,17778,painkillers&stomachtablets,C2
201612,27419,painkillers&stomachtablets,C2
201701,13995,painkillers&stomachtablets,C2
201702,13688,painkillers&stomachtablets,C2
201703,15470,painkillers&stomachtablets,C2
201704,15631,painkillers&stomachtablets,C2
201705,16259,painkillers&stomachtablets,C2
201706,14812,painkillers&stomachtablets,C2
201707,16857,painkillers&stomachtablets,C2
201708,20290,painkillers&stomachtablets,C2
201709,18172,painkillers&stomachtablets,C2
201710,18129,painkillers&stomachtablets,C2
201711,17705,painkillers&stomachtablets,C2
201712,28734,painkillers&stomachtablets,C2
201801,15704,painkillers&stomachtablets,C2
201802,15748,painkillers&stomachtablets,C2
201803,18771,painkillers&stomachtablets,C2
201804,17281,painkillers&stomachtablets,C2
201805,17997,painkillers&stomachtablets,C2
201806,19838,painkillers&stomachtablets,C2
201807,18888,painkillers&stomachtablets,C2
201808,19049,painkillers&stomachtablets,C2
201809,17252,painkillers&stomachtablets,C2
201810,17193,painkillers&stomachtablets,C2
201811,16551,painkillers&stomachtablets,C2
201812,29581,painkillers&stomachtablets,C2
201901,14681,painkillers&stomachtablets,C2
201902,14404,painkillers&stomachtablets,C2
201903,17691,painkillers&stomachtablets,C2
201904,16551,painkillers&stomachtablets,C2
201905,14112,painkillers&stomachtablets,C2
201906,16361,painkillers&stomachtablets,C2
201907,16857,painkillers&stomachtablets,C2
201908,17296,painkillers&stomachtablets,C2
201909,16624,painkillers&stomachtablets,C2
201910,16551,painkillers&stomachtablets,C2
201911,18391,painkillers&stomachtablets,C2
201912,26075,painkillers&stomachtablets,C2
202001,15119,painkillers&stomachtablets,C2
202002,16376,painkillers&stomachtablets,C2
202003,17618,painkillers&stomachtablets,C2
202004,17398,painkillers&stomachtablets,C2
202005,16770,painkillers&stomachtablets,C2
202006,17531,painkillers&stomachtablets,C2
202007,,painkillers&stomachtablets,C2
202008,,painkillers&stomachtablets,C2
202009,,painkillers&stomachtablets,C2
201501,141705,perfume,C2
201502,147265,perfume,C2
201503,162516,perfume,C2
201504,147424,perfume,C2
201505,146471,perfume,C2
201506,145835,perfume,C2
201507,147742,perfume,C2
201508,148377,perfume,C2
201509,150760,perfume,C2
201510,160292,perfume,C2
201511,160292,perfume,C2
201512,172842,perfume,C2
201601,136780,perfume,C2
201602,135668,perfume,C2
201603,155685,perfume,C2
201604,139004,perfume,C2
201605,141229,perfume,C2
201606,137257,perfume,C2
201607,138051,perfume,C2
201608,142499,perfume,C2
201609,140593,perfume,C2
201610,150919,perfume,C2
201611,153778,perfume,C2
201612,167441,perfume,C2
201701,133762,perfume,C2
201702,135668,perfume,C2
201703,148218,perfume,C2
201704,145677,perfume,C2
201705,143452,perfume,C2
201706,132332,perfume,C2
201707,139799,perfume,C2
201708,141864,perfume,C2
201709,142340,perfume,C2
201710,151237,perfume,C2
201711,150760,perfume,C2
201712,167758,perfume,C2
201801,125342,perfume,C2
201802,125660,perfume,C2
201803,137098,perfume,C2
201804,128996,perfume,C2
201805,127566,perfume,C2
201806,125501,perfume,C2
201807,128202,perfume,C2
201808,128042,perfume,C2
201809,132014,perfume,C2
201810,138686,perfume,C2
201811,139163,perfume,C2
201812,153938,perfume,C2
201901,121847,perfume,C2
201902,127407,perfume,C2
201903,135986,perfume,C2
201904,130425,perfume,C2
201905,126772,perfume,C2
201906,122642,perfume,C2
201907,129314,perfume,C2
201908,129949,perfume,C2
201909,128360,perfume,C2
201910,135668,perfume,C2
201911,136621,perfume,C2
201912,152031,perfume,C2
202001,119941,perfume,C2
202002,121371,perfume,C2
202003,132808,perfume,C2
202004,129473,perfume,C2
202005,127566,perfume,C2
202006,116676,perfume,C2
202007,,perfume,C2
202008,,perfume,C2
202009,,perfume,C2
201501,24722,gift_sets,C3
201502,22049,gift_sets,C3
201503,23821,gift_sets,C3
201504,24199,gift_sets,C3
201505,20451,gift_sets,C3
201506,21613,gift_sets,C3
201507,26145,gift_sets,C3
201508,32478,gift_sets,C3
201509,27859,gift_sets,C3
201510,26755,gift_sets,C3
201511,27917,gift_sets,C3
201512,47293,gift_sets,C3
201601,24693,gift_sets,C3
201602,20538,gift_sets,C3
201603,23298,gift_sets,C3
201604,20306,gift_sets,C3
201605,20103,gift_sets,C3
201606,20103,gift_sets,C3
201607,25244,gift_sets,C3
201608,30996,gift_sets,C3
201609,26842,gift_sets,C3
201610,26145,gift_sets,C3
201611,27743,gift_sets,C3
201612,46015,gift_sets,C3
201701,23182,gift_sets,C3
201702,19725,gift_sets,C3
201703,19551,gift_sets,C3
201704,20800,gift_sets,C3
201705,20190,gift_sets,C3
201706,18272,gift_sets,C3
201707,23037,gift_sets,C3
201708,28701,gift_sets,C3
201709,27423,gift_sets,C3
201710,25244,gift_sets,C3
201711,26842,gift_sets,C3
201712,45579,gift_sets,C3
201801,22601,gift_sets,C3
201802,19580,gift_sets,C3
201803,21061,gift_sets,C3
201804,19841,gift_sets,C3
201805,18040,gift_sets,C3
201806,18708,gift_sets,C3
201807,23066,gift_sets,C3
201808,27830,gift_sets,C3
201809,27598,gift_sets,C3
201810,24402,gift_sets,C3
201811,26523,gift_sets,C3
201812,43749,gift_sets,C3
201901,20858,gift_sets,C3
201902,19609,gift_sets,C3
201903,21439,gift_sets,C3
201904,19318,gift_sets,C3
201905,17023,gift_sets,C3
201906,18302,gift_sets,C3
201907,21962,gift_sets,C3
201908,26581,gift_sets,C3
201909,25593,gift_sets,C3
201910,23124,gift_sets,C3
201911,26581,gift_sets,C3
201912,41977,gift_sets,C3
202001,19696,gift_sets,C3
202002,16820,gift_sets,C3
202003,18941,gift_sets,C3
202004,18708,gift_sets,C3
202005,17227,gift_sets,C3
202006,16422,gift_sets,C3
202007,,gift_sets,C3
202008,,gift_sets,C3
202009,,gift_sets,C3
201501,53162,nail&hair,C3
201502,48238,nail&hair,C3
201503,53728,nail&hair,C3
201504,48543,nail&hair,C3
201505,47322,nail&hair,C3
201506,50678,nail&hair,C3
201507,54948,nail&hair,C3
201508,50940,nail&hair,C3
201509,52160,nail&hair,C3
201510,53597,nail&hair,C3
201511,61310,nail&hair,C3
201512,70200,nail&hair,C3
201601,60352,nail&hair,C3
201602,48368,nail&hair,C3
201603,52377,nail&hair,C3
201604,49545,nail&hair,C3
201605,45972,nail&hair,C3
201606,49937,nail&hair,C3
201607,54077,nail&hair,C3
201608,48368,nail&hair,C3
201609,56779,nail&hair,C3
201610,59436,nail&hair,C3
201611,67018,nail&hair,C3
201612,77476,nail&hair,C3
201701,62399,nail&hair,C3
201702,50852,nail&hair,C3
201703,54251,nail&hair,C3
201704,54643,nail&hair,C3
201705,51811,nail&hair,C3
201706,47802,nail&hair,C3
201707,53031,nail&hair,C3
201708,46190,nail&hair,C3
201709,62618,nail&hair,C3
201710,65494,nail&hair,C3
201711,67977,nail&hair,C3
201712,79655,nail&hair,C3
201801,60526,nail&hair,C3
201802,54382,nail&hair,C3
201803,60656,nail&hair,C3
201804,55123,nail&hair,C3
201805,50852,nail&hair,C3
201806,55820,nail&hair,C3
201807,61789,nail&hair,C3
201808,52377,nail&hair,C3
201809,63358,nail&hair,C3
201810,65755,nail&hair,C3
201811,67018,nail&hair,C3
201812,83664,nail&hair,C3
201901,56386,nail&hair,C3
201902,56081,nail&hair,C3
201903,57302,nail&hair,C3
201904,55602,nail&hair,C3
201905,49501,nail&hair,C3
201906,55384,nail&hair,C3
201907,53074,nail&hair,C3
201908,54120,nail&hair,C3
201909,61266,nail&hair,C3
201910,64055,nail&hair,C3
201911,64796,nail&hair,C3
201912,86235,nail&hair,C3
202001,61920,nail&hair,C3
202002,53249,nail&hair,C3
202003,62138,nail&hair,C3
202004,54077,nail&hair,C3
202005,54207,nail&hair,C3
202006,54059,nail&hair,C3
202007,,nail&hair,C3
202008,,nail&hair,C3
202009,,nail&hair,C3
201501,16301,painkillers&stomachtablets,C3
201502,15255,painkillers&stomachtablets,C3
201503,19588,painkillers&stomachtablets,C3
201504,18044,painkillers&stomachtablets,C3
201505,19322,painkillers&stomachtablets,C3
201506,19953,painkillers&stomachtablets,C3
201507,22194,painkillers&stomachtablets,C3
201508,21978,painkillers&stomachtablets,C3
201509,21231,painkillers&stomachtablets,C3
201510,19970,painkillers&stomachtablets,C3
201511,20418,painkillers&stomachtablets,C3
201512,31208,painkillers&stomachtablets,C3
201601,15986,painkillers&stomachtablets,C3
201602,14442,painkillers&stomachtablets,C3
201603,18177,painkillers&stomachtablets,C3
201604,18160,painkillers&stomachtablets,C3
201605,18758,painkillers&stomachtablets,C3
201606,18692,painkillers&stomachtablets,C3
201607,20468,painkillers&stomachtablets,C3
201608,23804,painkillers&stomachtablets,C3
201609,20617,painkillers&stomachtablets,C3
201610,19903,painkillers&stomachtablets,C3
201611,20202,painkillers&stomachtablets,C3
201612,31158,painkillers&stomachtablets,C3
201701,15903,painkillers&stomachtablets,C3
201702,15554,painkillers&stomachtablets,C3
201703,17579,painkillers&stomachtablets,C3
201704,17762,painkillers&stomachtablets,C3
201705,18476,painkillers&stomachtablets,C3
201706,16832,painkillers&stomachtablets,C3
201707,19156,painkillers&stomachtablets,C3
201708,23057,painkillers&stomachtablets,C3
201709,20650,painkillers&stomachtablets,C3
201710,20601,painkillers&stomachtablets,C3
201711,20119,painkillers&stomachtablets,C3
201712,32652,painkillers&stomachtablets,C3
201801,17845,painkillers&stomachtablets,C3
201802,17895,painkillers&stomachtablets,C3
201803,21331,painkillers&stomachtablets,C3
201804,19638,painkillers&stomachtablets,C3
201805,20451,painkillers&stomachtablets,C3
201806,22543,painkillers&stomachtablets,C3
201807,21464,painkillers&stomachtablets,C3
201808,21646,painkillers&stomachtablets,C3
201809,19605,painkillers&stomachtablets,C3
201810,19538,painkillers&stomachtablets,C3
201811,18808,painkillers&stomachtablets,C3
201812,33615,painkillers&stomachtablets,C3
201901,16683,painkillers&stomachtablets,C3
201902,16368,painkillers&stomachtablets,C3
201903,20103,painkillers&stomachtablets,C3
201904,18808,painkillers&stomachtablets,C3
201905,16036,painkillers&stomachtablets,C3
201906,18592,painkillers&stomachtablets,C3
201907,19156,painkillers&stomachtablets,C3
201908,19654,painkillers&stomachtablets,C3
201909,18891,painkillers&stomachtablets,C3
201910,18808,painkillers&stomachtablets,C3
201911,20899,painkillers&stomachtablets,C3
201912,29631,painkillers&stomachtablets,C3
202001,17181,painkillers&stomachtablets,C3
202002,18609,painkillers&stomachtablets,C3
202003,20020,painkillers&stomachtablets,C3
202004,19771,painkillers&stomachtablets,C3
202005,19057,painkillers&stomachtablets,C3
202006,19922,painkillers&stomachtablets,C3
202007,,painkillers&stomachtablets,C3
202008,,painkillers&stomachtablets,C3
202009,,painkillers&stomachtablets,C3
201501,161028,perfume,C3
201502,167347,perfume,C3
201503,184677,perfume,C3
201504,167527,perfume,C3
201505,166444,perfume,C3
201506,165722,perfume,C3
201507,167888,perfume,C3
201508,168610,perfume,C3
201509,171319,perfume,C3
201510,182150,perfume,C3
201511,182150,perfume,C3
201512,196411,perfume,C3
201601,155432,perfume,C3
201602,154168,perfume,C3
201603,176915,perfume,C3
201604,157960,perfume,C3
201605,160487,perfume,C3
201606,155974,perfume,C3
201607,156877,perfume,C3
201608,161931,perfume,C3
201609,159765,perfume,C3
201610,171499,perfume,C3
201611,174748,perfume,C3
201612,190273,perfume,C3
201701,152002,perfume,C3
201702,154168,perfume,C3
201703,168430,perfume,C3
201704,165542,perfume,C3
201705,163014,perfume,C3
201706,150378,perfume,C3
201707,158862,perfume,C3
201708,161209,perfume,C3
201709,161750,perfume,C3
201710,171860,perfume,C3
201711,171319,perfume,C3
201712,190634,perfume,C3
201801,142435,perfume,C3
201802,142796,perfume,C3
201803,155793,perfume,C3
201804,146586,perfume,C3
201805,144962,perfume,C3
201806,142615,perfume,C3
201807,145684,perfume,C3
201808,145503,perfume,C3
201809,150017,perfume,C3
201810,157599,perfume,C3
201811,158140,perfume,C3
201812,174929,perfume,C3
201901,138463,perfume,C3
201902,144781,perfume,C3
201903,154529,perfume,C3
201904,148211,perfume,C3
201905,144059,perfume,C3
201906,139365,perfume,C3
201907,146947,perfume,C3
201908,147669,perfume,C3
201909,145864,perfume,C3
201910,154168,perfume,C3
201911,155252,perfume,C3
201912,172763,perfume,C3
202001,136297,perfume,C3
202002,137921,perfume,C3
202003,150919,perfume,C3
202004,147128,perfume,C3
202005,144962,perfume,C3
202006,132586,perfume,C3
202007,,perfume,C3
202008,,perfume,C3
202009,,perfume,C3
201501,29666,gift_sets,C4
201502,26459,gift_sets,C4
201503,28585,gift_sets,C4
201504,29038,gift_sets,C4
201505,24541,gift_sets,C4
201506,25936,gift_sets,C4
201507,31374,gift_sets,C4
201508,38973,gift_sets,C4
201509,33431,gift_sets,C4
201510,32106,gift_sets,C4
201511,33500,gift_sets,C4
201512,56752,gift_sets,C4
201601,29631,gift_sets,C4
201602,24646,gift_sets,C4
201603,27958,gift_sets,C4
201604,24367,gift_sets,C4
201605,24123,gift_sets,C4
201606,24123,gift_sets,C4
201607,30293,gift_sets,C4
201608,37196,gift_sets,C4
201609,32211,gift_sets,C4
201610,31374,gift_sets,C4
201611,33291,gift_sets,C4
201612,55218,gift_sets,C4
201701,27818,gift_sets,C4
201702,23670,gift_sets,C4
201703,23461,gift_sets,C4
201704,24960,gift_sets,C4
201705,24228,gift_sets,C4
201706,21927,gift_sets,C4
201707,27644,gift_sets,C4
201708,34442,gift_sets,C4
201709,32908,gift_sets,C4
201710,30293,gift_sets,C4
201711,32211,gift_sets,C4
201712,54695,gift_sets,C4
201801,27121,gift_sets,C4
201802,23496,gift_sets,C4
201803,25274,gift_sets,C4
201804,23809,gift_sets,C4
201805,21648,gift_sets,C4
201806,22450,gift_sets,C4
201807,27679,gift_sets,C4
201808,33396,gift_sets,C4
201809,33117,gift_sets,C4
201810,29282,gift_sets,C4
201811,31827,gift_sets,C4
201812,52499,gift_sets,C4
201901,25029,gift_sets,C4
201902,23531,gift_sets,C4
201903,25727,gift_sets,C4
201904,23182,gift_sets,C4
201905,20428,gift_sets,C4
201906,21962,gift_sets,C4
201907,26354,gift_sets,C4
201908,31897,gift_sets,C4
201909,30712,gift_sets,C4
201910,27749,gift_sets,C4
201911,31897,gift_sets,C4
201912,50373,gift_sets,C4
202001,23635,gift_sets,C4
202002,20184,gift_sets,C4
202003,22729,gift_sets,C4
202004,22450,gift_sets,C4
202005,20672,gift_sets,C4
202006,19706,gift_sets,C4
202007,,gift_sets,C4
202008,,gift_sets,C4
202009,,gift_sets,C4
202007,,nail&hair,C4
202008,,nail&hair,C4
202009,,nail&hair,C4
202007,,painkillers&stomachtablets,C4
202008,,painkillers&stomachtablets,C4
202009,,painkillers&stomachtablets,C4
201501,193234,perfume,C4
201502,200816,perfume,C4
201503,221612,perfume,C4
201504,201033,perfume,C4
201505,199733,perfume,C4
201506,198866,perfume,C4
201507,201466,perfume,C4
201508,202332,perfume,C4
201509,205582,perfume,C4
201510,218580,perfume,C4
201511,218580,perfume,C4
201512,235693,perfume,C4
201601,186518,perfume,C4
201602,185002,perfume,C4
201603,212297,perfume,C4
201604,189551,perfume,C4
201605,192584,perfume,C4
201606,187168,perfume,C4
201607,188251,perfume,C4
201608,194317,perfume,C4
201609,191718,perfume,C4
201610,205799,perfume,C4
201611,209698,perfume,C4
201612,228328,perfume,C4
201701,182402,perfume,C4
201702,185002,perfume,C4
201703,202116,perfume,C4
201704,198650,perfume,C4
201705,195617,perfume,C4
201706,180453,perfume,C4
201707,190634,perfume,C4
201708,193451,perfume,C4
201709,194100,perfume,C4
201710,206232,perfume,C4
201711,205582,perfume,C4
201712,228761,perfume,C4
201801,170921,perfume,C4
201802,171354,perfume,C4
201803,186952,perfume,C4
201804,175904,perfume,C4
201805,173954,perfume,C4
201806,171138,perfume,C4
201807,174820,perfume,C4
201808,174604,perfume,C4
201809,180020,perfume,C4
201810,189118,perfume,C4
201811,189768,perfume,C4
201812,209914,perfume,C4
201901,166155,perfume,C4
201902,173737,perfume,C4
201903,185435,perfume,C4
201904,177853,perfume,C4
201905,172871,perfume,C4
201906,167238,perfume,C4
201907,176337,perfume,C4
201908,177203,perfume,C4
201909,175037,perfume,C4
201910,185002,perfume,C4
201911,186302,perfume,C4
201912,207315,perfume,C4
202001,163556,perfume,C4
202002,165505,perfume,C4
202003,181103,perfume,C4
202004,176553,perfume,C4
202005,173954,perfume,C4
202006,159109,perfume,C4
202007,,perfume,C4
202008,,perfume,C4
202009,,perfume,C4
201501,28183,gift_sets,C5
201502,25136,gift_sets,C5
201503,27156,gift_sets,C5
201504,27587,gift_sets,C5
201505,23315,gift_sets,C5
201506,24639,gift_sets,C5
201507,29805,gift_sets,C5
201508,37025,gift_sets,C5
201509,31759,gift_sets,C5
201510,30501,gift_sets,C5
201511,31826,gift_sets,C5
201512,53914,gift_sets,C5
201601,28149,gift_sets,C5
201602,23413,gift_sets,C5
201603,26560,gift_sets,C5
201604,23149,gift_sets,C5
201605,22917,gift_sets,C5
201606,22917,gift_sets,C5
201607,28779,gift_sets,C5
201608,35336,gift_sets,C5
201609,30600,gift_sets,C5
201610,29805,gift_sets,C5
201611,31627,gift_sets,C5
201612,52458,gift_sets,C5
201701,26427,gift_sets,C5
201702,22486,gift_sets,C5
201703,22288,gift_sets,C5
201704,23711,gift_sets,C5
201705,23017,gift_sets,C5
201706,20831,gift_sets,C5
201707,26262,gift_sets,C5
201708,32719,gift_sets,C5
201709,31263,gift_sets,C5
201710,28779,gift_sets,C5
201711,30600,gift_sets,C5
201712,51960,gift_sets,C5
201801,25765,gift_sets,C5
201802,22321,gift_sets,C5
201803,24010,gift_sets,C5
201804,22619,gift_sets,C5
201805,20566,gift_sets,C5
201806,21328,gift_sets,C5
201807,26295,gift_sets,C5
201808,31726,gift_sets,C5
201809,31461,gift_sets,C5
201810,27818,gift_sets,C5
201811,30236,gift_sets,C5
201812,49874,gift_sets,C5
201901,23778,gift_sets,C5
201902,22354,gift_sets,C5
201903,24440,gift_sets,C5
201904,22023,gift_sets,C5
201905,19406,gift_sets,C5
201906,20864,gift_sets,C5
201907,25036,gift_sets,C5
201908,30302,gift_sets,C5
201909,29176,gift_sets,C5
201910,26361,gift_sets,C5
201911,30302,gift_sets,C5
201912,47854,gift_sets,C5
202001,22453,gift_sets,C5
202002,19175,gift_sets,C5
202003,21592,gift_sets,C5
202004,21328,gift_sets,C5
202005,19639,gift_sets,C5
202006,18721,gift_sets,C5
202007,,gift_sets,C5
202008,,gift_sets,C5
202009,,gift_sets,C5
201501,60604,nail&hair,C5
201502,54991,nail&hair,C5
201503,61250,nail&hair,C5
201504,55339,nail&hair,C5
201505,53948,nail&hair,C5
201506,57773,nail&hair,C5
201507,62641,nail&hair,C5
201508,58071,nail&hair,C5
201509,59461,nail&hair,C5
201510,61101,nail&hair,C5
201511,69893,nail&hair,C5
201512,80027,nail&hair,C5
201601,68800,nail&hair,C5
201602,55140,nail&hair,C5
201603,59710,nail&hair,C5
201604,56481,nail&hair,C5
201605,52408,nail&hair,C5
201606,56928,nail&hair,C5
201607,61647,nail&hair,C5
201608,55140,nail&hair,C5
201609,64728,nail&hair,C5
201610,67757,nail&hair,C5
201611,76401,nail&hair,C5
201612,88323,nail&hair,C5
201701,71135,nail&hair,C5
201702,57971,nail&hair,C5
201703,61846,nail&hair,C5
201704,62293,nail&hair,C5
201705,59064,nail&hair,C5
201706,54494,nail&hair,C5
201707,60455,nail&hair,C5
201708,52656,nail&hair,C5
201709,71383,nail&hair,C5
201710,74663,nail&hair,C5
201711,77494,nail&hair,C5
201712,90807,nail&hair,C5
201801,69000,nail&hair,C5
201802,61995,nail&hair,C5
201803,69148,nail&hair,C5
201804,62839,nail&hair,C5
201805,57971,nail&hair,C5
201806,63634,nail&hair,C5
201807,70440,nail&hair,C5
201808,59710,nail&hair,C5
201809,72228,nail&hair,C5
201810,74961,nail&hair,C5
201811,76401,nail&hair,C5
201812,95377,nail&hair,C5
201901,64280,nail&hair,C5
201902,63932,nail&hair,C5
201903,65323,nail&hair,C5
201904,63386,nail&hair,C5
201905,56432,nail&hair,C5
201906,63137,nail&hair,C5
201907,60505,nail&hair,C5
201908,61697,nail&hair,C5
201909,69844,nail&hair,C5
201910,73023,nail&hair,C5
201911,73868,nail&hair,C5
201912,98308,nail&hair,C5
202001,70589,nail&hair,C5
202002,60704,nail&hair,C5
202003,70837,nail&hair,C5
202004,61647,nail&hair,C5
202005,61796,nail&hair,C5
202006,61624,nail&hair,C5
202007,,nail&hair,C5
202008,,nail&hair,C5
202009,,nail&hair,C5
201501,18584,painkillers&stomachtablets,C5
201502,17391,painkillers&stomachtablets,C5
201503,22330,painkillers&stomachtablets,C5
201504,20571,painkillers&stomachtablets,C5
201505,22027,painkillers&stomachtablets,C5
201506,22747,painkillers&stomachtablets,C5
201507,25302,painkillers&stomachtablets,C5
201508,25055,painkillers&stomachtablets,C5
201509,24204,painkillers&stomachtablets,C5
201510,22765,painkillers&stomachtablets,C5
201511,23277,painkillers&stomachtablets,C5
201512,35577,painkillers&stomachtablets,C5
201601,18223,painkillers&stomachtablets,C5
201602,16464,painkillers&stomachtablets,C5
201603,20722,painkillers&stomachtablets,C5
201604,20703,painkillers&stomachtablets,C5
201605,21384,painkillers&stomachtablets,C5
201606,21309,painkillers&stomachtablets,C5
201607,23333,painkillers&stomachtablets,C5
201608,27137,painkillers&stomachtablets,C5
201609,23504,painkillers&stomachtablets,C5
201610,22690,painkillers&stomachtablets,C5
201611,23031,painkillers&stomachtablets,C5
201612,35521,painkillers&stomachtablets,C5
201701,18129,painkillers&stomachtablets,C5
201702,17732,painkillers&stomachtablets,C5
201703,20040,painkillers&stomachtablets,C5
201704,20249,painkillers&stomachtablets,C5
201705,21062,painkillers&stomachtablets,C5
201706,19189,painkillers&stomachtablets,C5
201707,21838,painkillers&stomachtablets,C5
201708,26285,painkillers&stomachtablets,C5
201709,23541,painkillers&stomachtablets,C5
201710,23485,painkillers&stomachtablets,C5
201711,22936,painkillers&stomachtablets,C5
201712,37224,painkillers&stomachtablets,C5
201801,20343,painkillers&stomachtablets,C5
201802,20400,painkillers&stomachtablets,C5
201803,24317,painkillers&stomachtablets,C5
201804,22387,painkillers&stomachtablets,C5
201805,23315,painkillers&stomachtablets,C5
201806,25698,painkillers&stomachtablets,C5
201807,24468,painkillers&stomachtablets,C5
201808,24677,painkillers&stomachtablets,C5
201809,22349,painkillers&stomachtablets,C5
201810,22274,painkillers&stomachtablets,C5
201811,21441,painkillers&stomachtablets,C5
201812,38321,painkillers&stomachtablets,C5
201901,19019,painkillers&stomachtablets,C5
201902,18659,painkillers&stomachtablets,C5
201903,22917,painkillers&stomachtablets,C5
201904,21441,painkillers&stomachtablets,C5
201905,18281,painkillers&stomachtablets,C5
201906,21195,painkillers&stomachtablets,C5
201907,21838,painkillers&stomachtablets,C5
201908,22406,painkillers&stomachtablets,C5
201909,21535,painkillers&stomachtablets,C5
201910,21441,painkillers&stomachtablets,C5
201911,23825,painkillers&stomachtablets,C5
201912,33779,painkillers&stomachtablets,C5
202001,19586,painkillers&stomachtablets,C5
202002,21214,painkillers&stomachtablets,C5
202003,22823,painkillers&stomachtablets,C5
202004,22539,painkillers&stomachtablets,C5
202005,21724,painkillers&stomachtablets,C5
202006,22710,painkillers&stomachtablets,C5
202007,,painkillers&stomachtablets,C5
202008,,painkillers&stomachtablets,C5
202009,,painkillers&stomachtablets,C5
201501,183572,perfume,C5
201502,190776,perfume,C5
201503,210532,perfume,C5
201504,190981,perfume,C5
201505,189746,perfume,C5
201506,188923,perfume,C5
201507,191393,perfume,C5
201508,192216,perfume,C5
201509,195303,perfume,C5
201510,207651,perfume,C5
201511,207651,perfume,C5
201512,223909,perfume,C5
201601,177193,perfume,C5
201602,175752,perfume,C5
201603,201683,perfume,C5
201604,180073,perfume,C5
201605,182955,perfume,C5
201606,177810,perfume,C5
201607,178839,perfume,C5
201608,184601,perfume,C5
201609,182132,perfume,C5
201610,195509,perfume,C5
201611,199213,perfume,C5
201612,216911,perfume,C5
201701,173282,perfume,C5
201702,175752,perfume,C5
201703,192010,perfume,C5
201704,188717,perfume,C5
201705,185836,perfume,C5
201706,171430,perfume,C5
201707,181103,perfume,C5
201708,183778,perfume,C5
201709,184395,perfume,C5
201710,195920,perfume,C5
201711,195303,perfume,C5
201712,217323,perfume,C5
201801,162375,perfume,C5
201802,162786,perfume,C5
201803,177604,perfume,C5
201804,167108,perfume,C5
201805,165256,perfume,C5
201806,162581,perfume,C5
201807,166080,perfume,C5
201808,165874,perfume,C5
201809,171018,perfume,C5
201810,179662,perfume,C5
201811,180279,perfume,C5
201812,199419,perfume,C5
201901,157848,perfume,C5
201902,165050,perfume,C5
201903,176163,perfume,C5
201904,168961,perfume,C5
201905,164227,perfume,C5
201906,158876,perfume,C5
201907,167520,perfume,C5
201908,168343,perfume,C5
201909,166286,perfume,C5
201910,175752,perfume,C5
201911,176987,perfume,C5
201912,196949,perfume,C5
202001,155378,perfume,C5
202002,157230,perfume,C5
202003,172047,perfume,C5
202004,167726,perfume,C5
202005,165256,perfume,C5
202006,151149,perfume,C5
202007,,perfume,C5
202008,,perfume,C5
202009,,perfume,C5
201501,17799,gift_sets,C6
201502,15875,gift_sets,C6
201503,17151,gift_sets,C6
201504,17423,gift_sets,C6
201505,14725,gift_sets,C6
201506,15562,gift_sets,C6
201507,18824,gift_sets,C6
201508,23384,gift_sets,C6
201509,20059,gift_sets,C6
201510,19263,gift_sets,C6
201511,20100,gift_sets,C6
201512,34052,gift_sets,C6
201601,17779,gift_sets,C6
201602,14787,gift_sets,C6
201603,16774,gift_sets,C6
201604,14620,gift_sets,C6
201605,14474,gift_sets,C6
201606,14474,gift_sets,C6
201607,18176,gift_sets,C6
201608,22317,gift_sets,C6
201609,19327,gift_sets,C6
201610,18824,gift_sets,C6
201611,19975,gift_sets,C6
201612,33131,gift_sets,C6
201701,16691,gift_sets,C6
201702,14202,gift_sets,C6
201703,14077,gift_sets,C6
201704,14976,gift_sets,C6
201705,14537,gift_sets,C6
201706,13156,gift_sets,C6
201707,16587,gift_sets,C6
201708,20665,gift_sets,C6
201709,19745,gift_sets,C6
201710,18176,gift_sets,C6
201711,19327,gift_sets,C6
201712,32817,gift_sets,C6
201801,16273,gift_sets,C6
201802,14098,gift_sets,C6
201803,15164,gift_sets,C6
201804,14286,gift_sets,C6
201805,12989,gift_sets,C6
201806,13470,gift_sets,C6
201807,16607,gift_sets,C6
201808,20038,gift_sets,C6
201809,19870,gift_sets,C6
201810,17569,gift_sets,C6
201811,19097,gift_sets,C6
201812,31499,gift_sets,C6
201901,15018,gift_sets,C6
201902,14118,gift_sets,C6
201903,15436,gift_sets,C6
201904,13909,gift_sets,C6
201905,12257,gift_sets,C6
201906,13177,gift_sets,C6
201907,15812,gift_sets,C6
201908,19138,gift_sets,C6
201909,18427,gift_sets,C6
201910,16649,gift_sets,C6
201911,19138,gift_sets,C6
201912,30224,gift_sets,C6
202001,14181,gift_sets,C6
202002,12111,gift_sets,C6
202003,13637,gift_sets,C6
202004,13470,gift_sets,C6
202005,12404,gift_sets,C6
202006,11823,gift_sets,C6
202007,,gift_sets,C6
202008,,gift_sets,C6
202009,,gift_sets,C6
201501,38276,nail&hair,C6
201502,34731,nail&hair,C6
201503,38684,nail&hair,C6
201504,34950,nail&hair,C6
201505,34072,nail&hair,C6
201506,36488,nail&hair,C6
201507,39563,nail&hair,C6
201508,36676,nail&hair,C6
201509,37555,nail&hair,C6
201510,38590,nail&hair,C6
201511,44144,nail&hair,C6
201512,50544,nail&hair,C6
201601,43453,nail&hair,C6
201602,34825,nail&hair,C6
201603,37712,nail&hair,C6
201604,35673,nail&hair,C6
201605,33100,nail&hair,C6
201606,35955,nail&hair,C6
201607,38935,nail&hair,C6
201608,34825,nail&hair,C6
201609,40880,nail&hair,C6
201610,42794,nail&hair,C6
201611,48253,nail&hair,C6
201612,55783,nail&hair,C6
201701,44928,nail&hair,C6
201702,36614,nail&hair,C6
201703,39061,nail&hair,C6
201704,39343,nail&hair,C6
201705,37304,nail&hair,C6
201706,34418,nail&hair,C6
201707,38182,nail&hair,C6
201708,33256,nail&hair,C6
201709,45085,nail&hair,C6
201710,47155,nail&hair,C6
201711,48943,nail&hair,C6
201712,57351,nail&hair,C6
201801,43578,nail&hair,C6
201802,39154,nail&hair,C6
201803,43673,nail&hair,C6
201804,39688,nail&hair,C6
201805,36614,nail&hair,C6
201806,40190,nail&hair,C6
201807,44488,nail&hair,C6
201808,37712,nail&hair,C6
201809,45618,nail&hair,C6
201810,47343,nail&hair,C6
201811,48253,nail&hair,C6
201812,60238,nail&hair,C6
201901,40598,nail&hair,C6
201902,40379,nail&hair,C6
201903,41257,nail&hair,C6
201904,40033,nail&hair,C6
201905,35641,nail&hair,C6
201906,39877,nail&hair,C6
201907,38213,nail&hair,C6
201908,38967,nail&hair,C6
201909,44112,nail&hair,C6
201910,46120,nail&hair,C6
201911,46653,nail&hair,C6
201912,62089,nail&hair,C6
202001,44583,nail&hair,C6
202002,38339,nail&hair,C6
202003,44739,nail&hair,C6
202004,38935,nail&hair,C6
202005,39029,nail&hair,C6
202006,38920,nail&hair,C6
202007,,nail&hair,C6
202008,,nail&hair,C6
202009,,nail&hair,C6
201501,11737,painkillers&stomachtablets,C6
201502,10984,painkillers&stomachtablets,C6
201503,14103,painkillers&stomachtablets,C6
201504,12992,painkillers&stomachtablets,C6
201505,13912,painkillers&stomachtablets,C6
201506,14366,painkillers&stomachtablets,C6
201507,15980,painkillers&stomachtablets,C6
201508,15825,painkillers&stomachtablets,C6
201509,15287,painkillers&stomachtablets,C6
201510,14378,painkillers&stomachtablets,C6
201511,14701,painkillers&stomachtablets,C6
201512,22470,painkillers&stomachtablets,C6
201601,11510,painkillers&stomachtablets,C6
201602,10398,painkillers&stomachtablets,C6
201603,13087,painkillers&stomachtablets,C6
201604,13076,painkillers&stomachtablets,C6
201605,13506,painkillers&stomachtablets,C6
201606,13458,painkillers&stomachtablets,C6
201607,14737,painkillers&stomachtablets,C6
201608,17140,painkillers&stomachtablets,C6
201609,14845,painkillers&stomachtablets,C6
201610,14331,painkillers&stomachtablets,C6
201611,14546,painkillers&stomachtablets,C6
201612,22434,painkillers&stomachtablets,C6
201701,11450,painkillers&stomachtablets,C6
201702,11199,painkillers&stomachtablets,C6
201703,12658,painkillers&stomachtablets,C6
201704,12789,painkillers&stomachtablets,C6
201705,13302,painkillers&stomachtablets,C6
201706,12120,painkillers&stomachtablets,C6
201707,13793,painkillers&stomachtablets,C6
201708,16602,painkillers&stomachtablets,C6
201709,14869,painkillers&stomachtablets,C6
201710,14832,painkillers&stomachtablets,C6
201711,14486,painkillers&stomachtablets,C6
201712,23510,painkillers&stomachtablets,C6
201801,12848,painkillers&stomachtablets,C6
201802,12884,painkillers&stomachtablets,C6
201803,15358,painkillers&stomachtablets,C6
201804,14139,painkillers&stomachtablets,C6
201805,14725,painkillers&stomachtablets,C6
201806,16231,painkillers&stomachtablets,C6
201807,15454,painkillers&stomachtablets,C6
201808,15586,painkillers&stomachtablets,C6
201809,14115,painkillers&stomachtablets,C6
201810,14068,painkillers&stomachtablets,C6
201811,13541,painkillers&stomachtablets,C6
201812,24203,painkillers&stomachtablets,C6
201901,12012,painkillers&stomachtablets,C6
201902,11784,painkillers&stomachtablets,C6
201903,14474,painkillers&stomachtablets,C6
201904,13541,painkillers&stomachtablets,C6
201905,11545,painkillers&stomachtablets,C6
201906,13386,painkillers&stomachtablets,C6
201907,13793,painkillers&stomachtablets,C6
201908,14152,painkillers&stomachtablets,C6
201909,13601,painkillers&stomachtablets,C6
201910,13541,painkillers&stomachtablets,C6
201911,15048,painkillers&stomachtablets,C6
201912,21334,painkillers&stomachtablets,C6
202001,12370,painkillers&stomachtablets,C6
202002,13398,painkillers&stomachtablets,C6
202003,14414,painkillers&stomachtablets,C6
202004,14235,painkillers&stomachtablets,C6
202005,13721,painkillers&stomachtablets,C6
202006,14343,painkillers&stomachtablets,C6
202007,,painkillers&stomachtablets,C6
202008,,painkillers&stomachtablets,C6
202009,,painkillers&stomachtablets,C6
201501,115940,perfume,C6
201502,120489,perfume,C6
201503,132968,perfume,C6
201504,120620,perfume,C6
201505,119840,perfume,C6
201506,119320,perfume,C6
201507,120880,perfume,C6
201508,121399,perfume,C6
201509,123349,perfume,C6
201510,131147,perfume,C6
201511,131147,perfume,C6
201512,141416,perfume,C6
201601,111911,perfume,C6
201602,111001,perfume,C6
201603,127378,perfume,C6
201604,113731,perfume,C6
201605,115550,perfume,C6
201606,112301,perfume,C6
201607,112951,perfume,C6
201608,116590,perfume,C6
201609,115031,perfume,C6
201610,123479,perfume,C6
201611,125819,perfume,C6
201612,136996,perfume,C6
201701,109441,perfume,C6
201702,111001,perfume,C6
201703,121270,perfume,C6
201704,119190,perfume,C6
201705,117370,perfume,C6
201706,108272,perfume,C6
201707,114381,perfume,C6
201708,116071,perfume,C6
201709,116461,perfume,C6
201710,123739,perfume,C6
201711,123349,perfume,C6
201712,137257,perfume,C6
201801,102552,perfume,C6
201802,102813,perfume,C6
201803,112171,perfume,C6
201804,105542,perfume,C6
201805,104373,perfume,C6
201806,102683,perfume,C6
201807,104892,perfume,C6
201808,104763,perfume,C6
201809,108012,perfume,C6
201810,113471,perfume,C6
201811,113861,perfume,C6
201812,125948,perfume,C6
201901,99693,perfume,C6
201902,104242,perfume,C6
201903,111262,perfume,C6
201904,106712,perfume,C6
201905,103723,perfume,C6
201906,100343,perfume,C6
201907,105802,perfume,C6
201908,106322,perfume,C6
201909,105022,perfume,C6
201910,111001,perfume,C6
201911,111781,perfume,C6
201912,124389,perfume,C6
202001,98133,perfume,C6
202002,99303,perfume,C6
202003,108662,perfume,C6
202004,105932,perfume,C6
202005,104373,perfume,C6
202006,95462,perfume,C6
202007,,perfume,C6
202008,,perfume,C6
202009,,perfume,C6
