Date;Sales;ProductCategory 
2013-01-01;28183;C1_gift_sets
2013-02-01;25136;C1_gift_sets
2013-03-01;27156;C1_gift_sets
2013-04-01;27587;C1_gift_sets
2013-05-01;23315;C1_gift_sets
2013-06-01;24639;C1_gift_sets
2013-07-01;29805;C1_gift_sets
2013-08-01;37025;C1_gift_sets
2013-09-01;31759;C1_gift_sets
2013-10-01;30501;C1_gift_sets
2013-11-01;31826;C1_gift_sets
2013-12-01;53914;C1_gift_sets
2014-01-01;28149;C1_gift_sets
2014-02-01;23413;C1_gift_sets
2014-03-01;26560;C1_gift_sets
2014-04-01;23149;C1_gift_sets
2014-05-01;22917;C1_gift_sets
2014-06-01;22917;C1_gift_sets
2014-07-01;28779;C1_gift_sets
2014-08-01;35336;C1_gift_sets
2014-09-01;30600;C1_gift_sets
2014-10-01;29805;C1_gift_sets
2014-11-01;31627;C1_gift_sets
2014-12-01;52458;C1_gift_sets
2015-01-01;26427;C1_gift_sets
2015-02-01;22486;C1_gift_sets
2015-03-01;22288;C1_gift_sets
2015-04-01;23711;C1_gift_sets
2015-05-01;23017;C1_gift_sets
2015-06-01;20831;C1_gift_sets
2015-07-01;26262;C1_gift_sets
2015-08-01;32719;C1_gift_sets
2015-09-01;31263;C1_gift_sets
2015-10-01;28779;C1_gift_sets
2015-11-01;30600;C1_gift_sets
2015-12-01;51960;C1_gift_sets
2016-01-01;25765;C1_gift_sets
2016-02-01;22321;C1_gift_sets
2016-03-01;24010;C1_gift_sets
2016-04-01;22619;C1_gift_sets
2016-05-01;20566;C1_gift_sets
2016-06-01;21328;C1_gift_sets
2016-07-01;26295;C1_gift_sets
2016-08-01;31726;C1_gift_sets
2016-09-01;31461;C1_gift_sets
2016-10-01;27818;C1_gift_sets
2016-11-01;30236;C1_gift_sets
2016-12-01;49874;C1_gift_sets
2017-01-01;23778;C1_gift_sets
2017-02-01;22354;C1_gift_sets
2017-03-01;24440;C1_gift_sets
2017-04-01;22023;C1_gift_sets
2017-05-01;19406;C1_gift_sets
2017-06-01;20864;C1_gift_sets
2017-07-01;25036;C1_gift_sets
2017-08-01;30302;C1_gift_sets
2017-09-01;29176;C1_gift_sets
2017-10-01;26361;C1_gift_sets
2017-11-01;30302;C1_gift_sets
2017-12-01;47854;C1_gift_sets
2018-01-01;22453;C1_gift_sets
2018-02-01;19175;C1_gift_sets
2018-03-01;21592;C1_gift_sets
2018-04-01;21328;C1_gift_sets
2018-05-01;19639;C1_gift_sets
2018-06-01;18721;C1_gift_sets
2018-07-01;24099;C1_gift_sets
2018-08-01;30580;C1_gift_sets
2018-09-01;27754;C1_gift_sets
2018-10-01;25828;C1_gift_sets
2013-01-01;60604;C1_nail&hair
2013-02-01;54991;C1_nail&hair
2013-03-01;61250;C1_nail&hair
2013-04-01;55339;C1_nail&hair
2013-05-01;53948;C1_nail&hair
2013-06-01;57773;C1_nail&hair
2013-07-01;62641;C1_nail&hair
2013-08-01;58071;C1_nail&hair
2013-09-01;59461;C1_nail&hair
2013-10-01;61101;C1_nail&hair
2013-11-01;69893;C1_nail&hair
2013-12-01;80027;C1_nail&hair
2014-01-01;68800;C1_nail&hair
2014-02-01;55140;C1_nail&hair
2014-03-01;59710;C1_nail&hair
2014-04-01;56481;C1_nail&hair
2014-05-01;52408;C1_nail&hair
2014-06-01;56928;C1_nail&hair
2014-07-01;61647;C1_nail&hair
2014-08-01;55140;C1_nail&hair
2014-09-01;64728;C1_nail&hair
2014-10-01;67757;C1_nail&hair
2014-11-01;76401;C1_nail&hair
2014-12-01;88323;C1_nail&hair
2015-01-01;71135;C1_nail&hair
2015-02-01;57971;C1_nail&hair
2015-03-01;61846;C1_nail&hair
2015-04-01;62293;C1_nail&hair
2015-05-01;59064;C1_nail&hair
2015-06-01;54494;C1_nail&hair
2015-07-01;60455;C1_nail&hair
2015-08-01;52656;C1_nail&hair
2015-09-01;71383;C1_nail&hair
2015-10-01;74663;C1_nail&hair
2015-11-01;77494;C1_nail&hair
2015-12-01;90807;C1_nail&hair
2016-01-01;69000;C1_nail&hair
2016-02-01;61995;C1_nail&hair
2016-03-01;69148;C1_nail&hair
2016-04-01;62839;C1_nail&hair
2016-05-01;57971;C1_nail&hair
2016-06-01;63634;C1_nail&hair
2016-07-01;70440;C1_nail&hair
2016-08-01;59710;C1_nail&hair
2016-09-01;72228;C1_nail&hair
2016-10-01;74961;C1_nail&hair
2016-11-01;76401;C1_nail&hair
2016-12-01;95377;C1_nail&hair
2017-01-01;64280;C1_nail&hair
2017-02-01;63932;C1_nail&hair
2017-03-01;65323;C1_nail&hair
2017-04-01;63386;C1_nail&hair
2017-05-01;56432;C1_nail&hair
2017-06-01;63137;C1_nail&hair
2017-07-01;60505;C1_nail&hair
2017-08-01;61697;C1_nail&hair
2017-09-01;69844;C1_nail&hair
2017-10-01;73023;C1_nail&hair
2017-11-01;73868;C1_nail&hair
2017-12-01;98308;C1_nail&hair
2018-01-01;70589;C1_nail&hair
2018-02-01;60704;C1_nail&hair
2018-03-01;70837;C1_nail&hair
2018-04-01;61647;C1_nail&hair
2018-05-01;61796;C1_nail&hair
2018-06-01;61624;C1_nail&hair
2018-07-01;67237;C1_nail&hair
2018-08-01;59860;C1_nail&hair
2018-09-01;70446;C1_nail&hair
2018-10-01;73140;C1_nail&hair
2013-01-01;18584;C1_painkillers&stomachtablets
2013-02-01;17391;C1_painkillers&stomachtablets
2013-03-01;22330;C1_painkillers&stomachtablets
2013-04-01;20571;C1_painkillers&stomachtablets
2013-05-01;22027;C1_painkillers&stomachtablets
2013-06-01;22747;C1_painkillers&stomachtablets
2013-07-01;25302;C1_painkillers&stomachtablets
2013-08-01;25055;C1_painkillers&stomachtablets
2013-09-01;24204;C1_painkillers&stomachtablets
2013-10-01;22765;C1_painkillers&stomachtablets
2013-11-01;23277;C1_painkillers&stomachtablets
2013-12-01;35577;C1_painkillers&stomachtablets
2014-01-01;18223;C1_painkillers&stomachtablets
2014-02-01;16464;C1_painkillers&stomachtablets
2014-03-01;20722;C1_painkillers&stomachtablets
2014-04-01;20703;C1_painkillers&stomachtablets
2014-05-01;21384;C1_painkillers&stomachtablets
2014-06-01;21309;C1_painkillers&stomachtablets
2014-07-01;23333;C1_painkillers&stomachtablets
2014-08-01;27137;C1_painkillers&stomachtablets
2014-09-01;23504;C1_painkillers&stomachtablets
2014-10-01;22690;C1_painkillers&stomachtablets
2014-11-01;23031;C1_painkillers&stomachtablets
2014-12-01;35521;C1_painkillers&stomachtablets
2015-01-01;18129;C1_painkillers&stomachtablets
2015-02-01;17732;C1_painkillers&stomachtablets
2015-03-01;20040;C1_painkillers&stomachtablets
2015-04-01;20249;C1_painkillers&stomachtablets
2015-05-01;21062;C1_painkillers&stomachtablets
2015-06-01;19189;C1_painkillers&stomachtablets
2015-07-01;21838;C1_painkillers&stomachtablets
2015-08-01;26285;C1_painkillers&stomachtablets
2015-09-01;23541;C1_painkillers&stomachtablets
2015-10-01;23485;C1_painkillers&stomachtablets
2015-11-01;22936;C1_painkillers&stomachtablets
2015-12-01;37224;C1_painkillers&stomachtablets
2016-01-01;20343;C1_painkillers&stomachtablets
2016-02-01;20400;C1_painkillers&stomachtablets
2016-03-01;24317;C1_painkillers&stomachtablets
2016-04-01;22387;C1_painkillers&stomachtablets
2016-05-01;23315;C1_painkillers&stomachtablets
2016-06-01;25698;C1_painkillers&stomachtablets
2016-07-01;24468;C1_painkillers&stomachtablets
2016-08-01;24677;C1_painkillers&stomachtablets
2016-09-01;22349;C1_painkillers&stomachtablets
2016-10-01;22274;C1_painkillers&stomachtablets
2016-11-01;21441;C1_painkillers&stomachtablets
2016-12-01;38321;C1_painkillers&stomachtablets
2017-01-01;19019;C1_painkillers&stomachtablets
2017-02-01;18659;C1_painkillers&stomachtablets
2017-03-01;22917;C1_painkillers&stomachtablets
2017-04-01;21441;C1_painkillers&stomachtablets
2017-05-01;18281;C1_painkillers&stomachtablets
2017-06-01;21195;C1_painkillers&stomachtablets
2017-07-01;21838;C1_painkillers&stomachtablets
2017-08-01;22406;C1_painkillers&stomachtablets
2017-09-01;21535;C1_painkillers&stomachtablets
2017-10-01;21441;C1_painkillers&stomachtablets
2017-11-01;23825;C1_painkillers&stomachtablets
2017-12-01;33779;C1_painkillers&stomachtablets
2018-01-01;19586;C1_painkillers&stomachtablets
2018-02-01;21214;C1_painkillers&stomachtablets
2018-03-01;22823;C1_painkillers&stomachtablets
2018-04-01;22539;C1_painkillers&stomachtablets
2018-05-01;21724;C1_painkillers&stomachtablets
2018-06-01;22710;C1_painkillers&stomachtablets
2018-07-01;24210;C1_painkillers&stomachtablets
2018-08-01;26264;C1_painkillers&stomachtablets
2018-09-01;23875;C1_painkillers&stomachtablets
2018-10-01;23278;C1_painkillers&stomachtablets
2013-01-01;183572;C1_perfume
2013-02-01;190776;C1_perfume
2013-03-01;210532;C1_perfume
2013-04-01;190981;C1_perfume
2013-05-01;189746;C1_perfume
2013-06-01;188923;C1_perfume
2013-07-01;191393;C1_perfume
2013-08-01;192216;C1_perfume
2013-09-01;195303;C1_perfume
2013-10-01;207651;C1_perfume
2013-11-01;207651;C1_perfume
2013-12-01;223909;C1_perfume
2014-01-01;177193;C1_perfume
2014-02-01;175752;C1_perfume
2014-03-01;201683;C1_perfume
2014-04-01;180073;C1_perfume
2014-05-01;182955;C1_perfume
2014-06-01;177810;C1_perfume
2014-07-01;178839;C1_perfume
2014-08-01;184601;C1_perfume
2014-09-01;182132;C1_perfume
2014-10-01;195509;C1_perfume
2014-11-01;199213;C1_perfume
2014-12-01;216911;C1_perfume
2015-01-01;173282;C1_perfume
2015-02-01;175752;C1_perfume
2015-03-01;192010;C1_perfume
2015-04-01;188717;C1_perfume
2015-05-01;185836;C1_perfume
2015-06-01;171430;C1_perfume
2015-07-01;181103;C1_perfume
2015-08-01;183778;C1_perfume
2015-09-01;184395;C1_perfume
2015-10-01;195920;C1_perfume
2015-11-01;195303;C1_perfume
2015-12-01;217323;C1_perfume
2016-01-01;162375;C1_perfume
2016-02-01;162786;C1_perfume
2016-03-01;177604;C1_perfume
2016-04-01;167108;C1_perfume
2016-05-01;165256;C1_perfume
2016-06-01;162581;C1_perfume
2016-07-01;166080;C1_perfume
2016-08-01;165874;C1_perfume
2016-09-01;171018;C1_perfume
2016-10-01;179662;C1_perfume
2016-11-01;180279;C1_perfume
2016-12-01;199419;C1_perfume
2017-01-01;157848;C1_perfume
2017-02-01;165050;C1_perfume
2017-03-01;176163;C1_perfume
2017-04-01;168961;C1_perfume
2017-05-01;164227;C1_perfume
2017-06-01;158876;C1_perfume
2017-07-01;167520;C1_perfume
2017-08-01;168343;C1_perfume
2017-09-01;166286;C1_perfume
2017-10-01;175752;C1_perfume
2017-11-01;176987;C1_perfume
2017-12-01;196949;C1_perfume
2018-01-01;155378;C1_perfume
2018-02-01;157230;C1_perfume
2018-03-01;172047;C1_perfume
2018-04-01;167726;C1_perfume
2018-05-01;165256;C1_perfume
2018-06-01;151144;C1_perfume
2018-07-01;155315;C1_perfume
2018-08-01;157578;C1_perfume
2018-09-01;159169;C1_perfume
2018-10-01;170723;C1_perfume
2013-01-01;21755;C2_gift_sets
2013-02-01;19403;C2_gift_sets
2013-03-01;20962;C2_gift_sets
2013-04-01;21294;C2_gift_sets
2013-05-01;17997;C2_gift_sets
2013-06-01;19019;C2_gift_sets
2013-07-01;23008;C2_gift_sets
2013-08-01;28580;C2_gift_sets
2013-09-01;24516;C2_gift_sets
2013-10-01;23545;C2_gift_sets
2013-11-01;24567;C2_gift_sets
2013-12-01;41618;C2_gift_sets
2014-01-01;21729;C2_gift_sets
2014-02-01;18074;C2_gift_sets
2014-03-01;20503;C2_gift_sets
2014-04-01;17869;C2_gift_sets
2014-05-01;17691;C2_gift_sets
2014-06-01;17691;C2_gift_sets
2014-07-01;22215;C2_gift_sets
2014-08-01;27277;C2_gift_sets
2014-09-01;23621;C2_gift_sets
2014-10-01;23008;C2_gift_sets
2014-11-01;24414;C2_gift_sets
2014-12-01;40493;C2_gift_sets
2015-01-01;20400;C2_gift_sets
2015-02-01;17358;C2_gift_sets
2015-03-01;17204;C2_gift_sets
2015-04-01;18304;C2_gift_sets
2015-05-01;17767;C2_gift_sets
2015-06-01;16080;C2_gift_sets
2015-07-01;20272;C2_gift_sets
2015-08-01;25257;C2_gift_sets
2015-09-01;24132;C2_gift_sets
2015-10-01;22215;C2_gift_sets
2015-11-01;23621;C2_gift_sets
2015-12-01;40110;C2_gift_sets
2016-01-01;19888;C2_gift_sets
2016-02-01;17230;C2_gift_sets
2016-03-01;18534;C2_gift_sets
2016-04-01;17460;C2_gift_sets
2016-05-01;15875;C2_gift_sets
2016-06-01;16463;C2_gift_sets
2016-07-01;20298;C2_gift_sets
2016-08-01;24490;C2_gift_sets
2016-09-01;24286;C2_gift_sets
2016-10-01;21474;C2_gift_sets
2016-11-01;23340;C2_gift_sets
2016-12-01;38500;C2_gift_sets
2017-01-01;18355;C2_gift_sets
2017-02-01;17256;C2_gift_sets
2017-03-01;18866;C2_gift_sets
2017-04-01;17000;C2_gift_sets
2017-05-01;14981;C2_gift_sets
2017-06-01;16105;C2_gift_sets
2017-07-01;19327;C2_gift_sets
2017-08-01;23391;C2_gift_sets
2017-09-01;22522;C2_gift_sets
2017-10-01;20349;C2_gift_sets
2017-11-01;23391;C2_gift_sets
2017-12-01;36940;C2_gift_sets
2018-01-01;17332;C2_gift_sets
2018-02-01;14801;C2_gift_sets
2018-03-01;16668;C2_gift_sets
2018-04-01;16463;C2_gift_sets
2018-05-01;15159;C2_gift_sets
2018-06-01;14451;C2_gift_sets
2018-07-01;18603;C2_gift_sets
2018-08-01;23605;C2_gift_sets
2018-09-01;21417;C2_gift_sets
2018-10-01;19937;C2_gift_sets
2013-01-01;46782;C2_nail&hair
2013-02-01;42449;C2_nail&hair
2013-03-01;47281;C2_nail&hair
2013-04-01;42718;C2_nail&hair
2013-05-01;41644;C2_nail&hair
2013-06-01;44597;C2_nail&hair
2013-07-01;48354;C2_nail&hair
2013-08-01;44827;C2_nail&hair
2013-09-01;45900;C2_nail&hair
2013-10-01;47166;C2_nail&hair
2013-11-01;53952;C2_nail&hair
2013-12-01;61775;C2_nail&hair
2014-01-01;53109;C2_nail&hair
2014-02-01;42564;C2_nail&hair
2014-03-01;46092;C2_nail&hair
2014-04-01;43599;C2_nail&hair
2014-05-01;40455;C2_nail&hair
2014-06-01;43944;C2_nail&hair
2014-07-01;47587;C2_nail&hair
2014-08-01;42564;C2_nail&hair
2014-09-01;49965;C2_nail&hair
2014-10-01;52304;C2_nail&hair
2014-11-01;58976;C2_nail&hair
2014-12-01;68180;C2_nail&hair
2015-01-01;54911;C2_nail&hair
2015-02-01;44749;C2_nail&hair
2015-03-01;47741;C2_nail&hair
2015-04-01;48086;C2_nail&hair
2015-05-01;45594;C2_nail&hair
2015-06-01;42065;C2_nail&hair
2015-07-01;46667;C2_nail&hair
2015-08-01;40647;C2_nail&hair
2015-09-01;55103;C2_nail&hair
2015-10-01;57634;C2_nail&hair
2015-11-01;59820;C2_nail&hair
2015-12-01;70097;C2_nail&hair
2016-01-01;53263;C2_nail&hair
2016-02-01;47856;C2_nail&hair
2016-03-01;53377;C2_nail&hair
2016-04-01;48508;C2_nail&hair
2016-05-01;44749;C2_nail&hair
2016-06-01;49121;C2_nail&hair
2016-07-01;54375;C2_nail&hair
2016-08-01;46092;C2_nail&hair
2016-09-01;55755;C2_nail&hair
2016-10-01;57864;C2_nail&hair
2016-11-01;58976;C2_nail&hair
2016-12-01;73624;C2_nail&hair
2017-01-01;49620;C2_nail&hair
2017-02-01;49351;C2_nail&hair
2017-03-01;50425;C2_nail&hair
2017-04-01;48929;C2_nail&hair
2017-05-01;43561;C2_nail&hair
2017-06-01;48738;C2_nail&hair
2017-07-01;46706;C2_nail&hair
2017-08-01;47625;C2_nail&hair
2017-09-01;53914;C2_nail&hair
2017-10-01;56369;C2_nail&hair
2017-11-01;57020;C2_nail&hair
2017-12-01;75887;C2_nail&hair
2018-01-01;54490;C2_nail&hair
2018-02-01;46858;C2_nail&hair
2018-03-01;54681;C2_nail&hair
2018-04-01;47587;C2_nail&hair
2018-05-01;47703;C2_nail&hair
2018-06-01;47570;C2_nail&hair
2018-07-01;51902;C2_nail&hair
2018-08-01;46208;C2_nail&hair
2018-09-01;54376;C2_nail&hair
2018-10-01;56458;C2_nail&hair
2013-01-01;14345;C2_painkillers&stomachtablets
2013-02-01;13424;C2_painkillers&stomachtablets
2013-03-01;17237;C2_painkillers&stomachtablets
2013-04-01;15879;C2_painkillers&stomachtablets
2013-05-01;17003;C2_painkillers&stomachtablets
2013-06-01;17559;C2_painkillers&stomachtablets
2013-07-01;19531;C2_painkillers&stomachtablets
2013-08-01;19341;C2_painkillers&stomachtablets
2013-09-01;18683;C2_painkillers&stomachtablets
2013-10-01;17574;C2_painkillers&stomachtablets
2013-11-01;17968;C2_painkillers&stomachtablets
2013-12-01;27463;C2_painkillers&stomachtablets
2014-01-01;14068;C2_painkillers&stomachtablets
2014-02-01;12709;C2_painkillers&stomachtablets
2014-03-01;15996;C2_painkillers&stomachtablets
2014-04-01;15981;C2_painkillers&stomachtablets
2014-05-01;16507;C2_painkillers&stomachtablets
2014-06-01;16449;C2_painkillers&stomachtablets
2014-07-01;18012;C2_painkillers&stomachtablets
2014-08-01;20948;C2_painkillers&stomachtablets
2014-09-01;18143;C2_painkillers&stomachtablets
2014-10-01;17515;C2_painkillers&stomachtablets
2014-11-01;17778;C2_painkillers&stomachtablets
2014-12-01;27419;C2_painkillers&stomachtablets
2015-01-01;13995;C2_painkillers&stomachtablets
2015-02-01;13688;C2_painkillers&stomachtablets
2015-03-01;15470;C2_painkillers&stomachtablets
2015-04-01;15631;C2_painkillers&stomachtablets
2015-05-01;16259;C2_painkillers&stomachtablets
2015-06-01;14812;C2_painkillers&stomachtablets
2015-07-01;16857;C2_painkillers&stomachtablets
2015-08-01;20290;C2_painkillers&stomachtablets
2015-09-01;18172;C2_painkillers&stomachtablets
2015-10-01;18129;C2_painkillers&stomachtablets
2015-11-01;17705;C2_painkillers&stomachtablets
2015-12-01;28734;C2_painkillers&stomachtablets
2016-01-01;15704;C2_painkillers&stomachtablets
2016-02-01;15748;C2_painkillers&stomachtablets
2016-03-01;18771;C2_painkillers&stomachtablets
2016-04-01;17281;C2_painkillers&stomachtablets
2016-05-01;17997;C2_painkillers&stomachtablets
2016-06-01;19838;C2_painkillers&stomachtablets
2016-07-01;18888;C2_painkillers&stomachtablets
2016-08-01;19049;C2_painkillers&stomachtablets
2016-09-01;17252;C2_painkillers&stomachtablets
2016-10-01;17193;C2_painkillers&stomachtablets
2016-11-01;16551;C2_painkillers&stomachtablets
2016-12-01;29581;C2_painkillers&stomachtablets
2017-01-01;14681;C2_painkillers&stomachtablets
2017-02-01;14404;C2_painkillers&stomachtablets
2017-03-01;17691;C2_painkillers&stomachtablets
2017-04-01;16551;C2_painkillers&stomachtablets
2017-05-01;14112;C2_painkillers&stomachtablets
2017-06-01;16361;C2_painkillers&stomachtablets
2017-07-01;16857;C2_painkillers&stomachtablets
2017-08-01;17296;C2_painkillers&stomachtablets
2017-09-01;16624;C2_painkillers&stomachtablets
2017-10-01;16551;C2_painkillers&stomachtablets
2017-11-01;18391;C2_painkillers&stomachtablets
2017-12-01;26075;C2_painkillers&stomachtablets
2018-01-01;15119;C2_painkillers&stomachtablets
2018-02-01;16376;C2_painkillers&stomachtablets
2018-03-01;17618;C2_painkillers&stomachtablets
2018-04-01;17398;C2_painkillers&stomachtablets
2018-05-01;16770;C2_painkillers&stomachtablets
2018-06-01;17531;C2_painkillers&stomachtablets
2018-07-01;18689;C2_painkillers&stomachtablets
2018-08-01;20274;C2_painkillers&stomachtablets
2018-09-01;18429;C2_painkillers&stomachtablets
2018-10-01;17974;C2_painkillers&stomachtablets
2013-01-01;141705;C2_perfume
2013-02-01;147265;C2_perfume
2013-03-01;162516;C2_perfume
2013-04-01;147424;C2_perfume
2013-05-01;146471;C2_perfume
2013-06-01;145835;C2_perfume
2013-07-01;147742;C2_perfume
2013-08-01;148377;C2_perfume
2013-09-01;150760;C2_perfume
2013-10-01;160292;C2_perfume
2013-11-01;160292;C2_perfume
2013-12-01;172842;C2_perfume
2014-01-01;136780;C2_perfume
2014-02-01;135668;C2_perfume
2014-03-01;155685;C2_perfume
2014-04-01;139004;C2_perfume
2014-05-01;141229;C2_perfume
2014-06-01;137257;C2_perfume
2014-07-01;138051;C2_perfume
2014-08-01;142499;C2_perfume
2014-09-01;140593;C2_perfume
2014-10-01;150919;C2_perfume
2014-11-01;153778;C2_perfume
2014-12-01;167441;C2_perfume
2015-01-01;133762;C2_perfume
2015-02-01;135668;C2_perfume
2015-03-01;148218;C2_perfume
2015-04-01;145677;C2_perfume
2015-05-01;143452;C2_perfume
2015-06-01;132332;C2_perfume
2015-07-01;139799;C2_perfume
2015-08-01;141864;C2_perfume
2015-09-01;142340;C2_perfume
2015-10-01;151237;C2_perfume
2015-11-01;150760;C2_perfume
2015-12-01;167758;C2_perfume
2016-01-01;125342;C2_perfume
2016-02-01;125660;C2_perfume
2016-03-01;137098;C2_perfume
2016-04-01;128996;C2_perfume
2016-05-01;127566;C2_perfume
2016-06-01;125501;C2_perfume
2016-07-01;128202;C2_perfume
2016-08-01;128042;C2_perfume
2016-09-01;132014;C2_perfume
2016-10-01;138686;C2_perfume
2016-11-01;139163;C2_perfume
2016-12-01;153938;C2_perfume
2017-01-01;121847;C2_perfume
2017-02-01;127407;C2_perfume
2017-03-01;135986;C2_perfume
2017-04-01;130425;C2_perfume
2017-05-01;126772;C2_perfume
2017-06-01;122642;C2_perfume
2017-07-01;129314;C2_perfume
2017-08-01;129949;C2_perfume
2017-09-01;128360;C2_perfume
2017-10-01;135668;C2_perfume
2017-11-01;136621;C2_perfume
2017-12-01;152031;C2_perfume
2018-01-01;119941;C2_perfume
2018-02-01;121371;C2_perfume
2018-03-01;132808;C2_perfume
2018-04-01;129473;C2_perfume
2018-05-01;127566;C2_perfume
2018-06-01;116676;C2_perfume
2018-07-01;119901;C2_perfume
2018-08-01;121637;C2_perfume
2018-09-01;122867;C2_perfume
2018-10-01;131722;C2_perfume
2013-01-01;24722;C3_gift_sets
2013-02-01;22049;C3_gift_sets
2013-03-01;23821;C3_gift_sets
2013-04-01;24199;C3_gift_sets
2013-05-01;20451;C3_gift_sets
2013-06-01;21613;C3_gift_sets
2013-07-01;26145;C3_gift_sets
2013-08-01;32478;C3_gift_sets
2013-09-01;27859;C3_gift_sets
2013-10-01;26755;C3_gift_sets
2013-11-01;27917;C3_gift_sets
2013-12-01;47293;C3_gift_sets
2014-01-01;24693;C3_gift_sets
2014-02-01;20538;C3_gift_sets
2014-03-01;23298;C3_gift_sets
2014-04-01;20306;C3_gift_sets
2014-05-01;20103;C3_gift_sets
2014-06-01;20103;C3_gift_sets
2014-07-01;25244;C3_gift_sets
2014-08-01;30996;C3_gift_sets
2014-09-01;26842;C3_gift_sets
2014-10-01;26145;C3_gift_sets
2014-11-01;27743;C3_gift_sets
2014-12-01;46015;C3_gift_sets
2015-01-01;23182;C3_gift_sets
2015-02-01;19725;C3_gift_sets
2015-03-01;19551;C3_gift_sets
2015-04-01;20800;C3_gift_sets
2015-05-01;20190;C3_gift_sets
2015-06-01;18272;C3_gift_sets
2015-07-01;23037;C3_gift_sets
2015-08-01;28701;C3_gift_sets
2015-09-01;27423;C3_gift_sets
2015-10-01;25244;C3_gift_sets
2015-11-01;26842;C3_gift_sets
2015-12-01;45579;C3_gift_sets
2016-01-01;22601;C3_gift_sets
2016-02-01;19580;C3_gift_sets
2016-03-01;21061;C3_gift_sets
2016-04-01;19841;C3_gift_sets
2016-05-01;18040;C3_gift_sets
2016-06-01;18708;C3_gift_sets
2016-07-01;23066;C3_gift_sets
2016-08-01;27830;C3_gift_sets
2016-09-01;27598;C3_gift_sets
2016-10-01;24402;C3_gift_sets
2016-11-01;26523;C3_gift_sets
2016-12-01;43749;C3_gift_sets
2017-01-01;20858;C3_gift_sets
2017-02-01;19609;C3_gift_sets
2017-03-01;21439;C3_gift_sets
2017-04-01;19318;C3_gift_sets
2017-05-01;17023;C3_gift_sets
2017-06-01;18302;C3_gift_sets
2017-07-01;21962;C3_gift_sets
2017-08-01;26581;C3_gift_sets
2017-09-01;25593;C3_gift_sets
2017-10-01;23124;C3_gift_sets
2017-11-01;26581;C3_gift_sets
2017-12-01;41977;C3_gift_sets
2018-01-01;19696;C3_gift_sets
2018-02-01;16820;C3_gift_sets
2018-03-01;18941;C3_gift_sets
2018-04-01;18708;C3_gift_sets
2018-05-01;17227;C3_gift_sets
2018-06-01;16422;C3_gift_sets
2018-07-01;21139;C3_gift_sets
2018-08-01;26826;C3_gift_sets
2018-09-01;24338;C3_gift_sets
2018-10-01;22657;C3_gift_sets
2013-01-01;53162;C3_nail&hair
2013-02-01;48238;C3_nail&hair
2013-03-01;53728;C3_nail&hair
2013-04-01;48543;C3_nail&hair
2013-05-01;47322;C3_nail&hair
2013-06-01;50678;C3_nail&hair
2013-07-01;54948;C3_nail&hair
2013-08-01;50940;C3_nail&hair
2013-09-01;52160;C3_nail&hair
2013-10-01;53597;C3_nail&hair
2013-11-01;61310;C3_nail&hair
2013-12-01;70200;C3_nail&hair
2014-01-01;60352;C3_nail&hair
2014-02-01;48368;C3_nail&hair
2014-03-01;52377;C3_nail&hair
2014-04-01;49545;C3_nail&hair
2014-05-01;45972;C3_nail&hair
2014-06-01;49937;C3_nail&hair
2014-07-01;54077;C3_nail&hair
2014-08-01;48368;C3_nail&hair
2014-09-01;56779;C3_nail&hair
2014-10-01;59436;C3_nail&hair
2014-11-01;67018;C3_nail&hair
2014-12-01;77476;C3_nail&hair
2015-01-01;62399;C3_nail&hair
2015-02-01;50852;C3_nail&hair
2015-03-01;54251;C3_nail&hair
2015-04-01;54643;C3_nail&hair
2015-05-01;51811;C3_nail&hair
2015-06-01;47802;C3_nail&hair
2015-07-01;53031;C3_nail&hair
2015-08-01;46190;C3_nail&hair
2015-09-01;62618;C3_nail&hair
2015-10-01;65494;C3_nail&hair
2015-11-01;67977;C3_nail&hair
2015-12-01;79655;C3_nail&hair
2016-01-01;60526;C3_nail&hair
2016-02-01;54382;C3_nail&hair
2016-03-01;60656;C3_nail&hair
2016-04-01;55123;C3_nail&hair
2016-05-01;50852;C3_nail&hair
2016-06-01;55820;C3_nail&hair
2016-07-01;61789;C3_nail&hair
2016-08-01;52377;C3_nail&hair
2016-09-01;63358;C3_nail&hair
2016-10-01;65755;C3_nail&hair
2016-11-01;67018;C3_nail&hair
2016-12-01;83664;C3_nail&hair
2017-01-01;56386;C3_nail&hair
2017-02-01;56081;C3_nail&hair
2017-03-01;57302;C3_nail&hair
2017-04-01;55602;C3_nail&hair
2017-05-01;49501;C3_nail&hair
2017-06-01;55384;C3_nail&hair
2017-07-01;53074;C3_nail&hair
2017-08-01;54120;C3_nail&hair
2017-09-01;61266;C3_nail&hair
2017-10-01;64055;C3_nail&hair
2017-11-01;64796;C3_nail&hair
2017-12-01;86235;C3_nail&hair
2018-01-01;61920;C3_nail&hair
2018-02-01;53249;C3_nail&hair
2018-03-01;62138;C3_nail&hair
2018-04-01;54077;C3_nail&hair
2018-05-01;54207;C3_nail&hair
2018-06-01;54059;C3_nail&hair
2018-07-01;58980;C3_nail&hair
2018-08-01;52509;C3_nail&hair
2018-09-01;61801;C3_nail&hair
2018-10-01;64157;C3_nail&hair
2013-01-01;16301;C3_painkillers&stomachtablets
2013-02-01;15255;C3_painkillers&stomachtablets
2013-03-01;19588;C3_painkillers&stomachtablets
2013-04-01;18044;C3_painkillers&stomachtablets
2013-05-01;19322;C3_painkillers&stomachtablets
2013-06-01;19953;C3_painkillers&stomachtablets
2013-07-01;22194;C3_painkillers&stomachtablets
2013-08-01;21978;C3_painkillers&stomachtablets
2013-09-01;21231;C3_painkillers&stomachtablets
2013-10-01;19970;C3_painkillers&stomachtablets
2013-11-01;20418;C3_painkillers&stomachtablets
2013-12-01;31208;C3_painkillers&stomachtablets
2014-01-01;15986;C3_painkillers&stomachtablets
2014-02-01;14442;C3_painkillers&stomachtablets
2014-03-01;18177;C3_painkillers&stomachtablets
2014-04-01;18160;C3_painkillers&stomachtablets
2014-05-01;18758;C3_painkillers&stomachtablets
2014-06-01;18692;C3_painkillers&stomachtablets
2014-07-01;20468;C3_painkillers&stomachtablets
2014-08-01;23804;C3_painkillers&stomachtablets
2014-09-01;20617;C3_painkillers&stomachtablets
2014-10-01;19903;C3_painkillers&stomachtablets
2014-11-01;20202;C3_painkillers&stomachtablets
2014-12-01;31158;C3_painkillers&stomachtablets
2015-01-01;15903;C3_painkillers&stomachtablets
2015-02-01;15554;C3_painkillers&stomachtablets
2015-03-01;17579;C3_painkillers&stomachtablets
2015-04-01;17762;C3_painkillers&stomachtablets
2015-05-01;18476;C3_painkillers&stomachtablets
2015-06-01;16832;C3_painkillers&stomachtablets
2015-07-01;19156;C3_painkillers&stomachtablets
2015-08-01;23057;C3_painkillers&stomachtablets
2015-09-01;20650;C3_painkillers&stomachtablets
2015-10-01;20601;C3_painkillers&stomachtablets
2015-11-01;20119;C3_painkillers&stomachtablets
2015-12-01;32652;C3_painkillers&stomachtablets
2016-01-01;17845;C3_painkillers&stomachtablets
2016-02-01;17895;C3_painkillers&stomachtablets
2016-03-01;21331;C3_painkillers&stomachtablets
2016-04-01;19638;C3_painkillers&stomachtablets
2016-05-01;20451;C3_painkillers&stomachtablets
2016-06-01;22543;C3_painkillers&stomachtablets
2016-07-01;21464;C3_painkillers&stomachtablets
2016-08-01;21646;C3_painkillers&stomachtablets
2016-09-01;19605;C3_painkillers&stomachtablets
2016-10-01;19538;C3_painkillers&stomachtablets
2016-11-01;18808;C3_painkillers&stomachtablets
2016-12-01;33615;C3_painkillers&stomachtablets
2017-01-01;16683;C3_painkillers&stomachtablets
2017-02-01;16368;C3_painkillers&stomachtablets
2017-03-01;20103;C3_painkillers&stomachtablets
2017-04-01;18808;C3_painkillers&stomachtablets
2017-05-01;16036;C3_painkillers&stomachtablets
2017-06-01;18592;C3_painkillers&stomachtablets
2017-07-01;19156;C3_painkillers&stomachtablets
2017-08-01;19654;C3_painkillers&stomachtablets
2017-09-01;18891;C3_painkillers&stomachtablets
2017-10-01;18808;C3_painkillers&stomachtablets
2017-11-01;20899;C3_painkillers&stomachtablets
2017-12-01;29631;C3_painkillers&stomachtablets
2018-01-01;17181;C3_painkillers&stomachtablets
2018-02-01;18609;C3_painkillers&stomachtablets
2018-03-01;20020;C3_painkillers&stomachtablets
2018-04-01;19771;C3_painkillers&stomachtablets
2018-05-01;19057;C3_painkillers&stomachtablets
2018-06-01;19922;C3_painkillers&stomachtablets
2018-07-01;21237;C3_painkillers&stomachtablets
2018-08-01;23038;C3_painkillers&stomachtablets
2018-09-01;20943;C3_painkillers&stomachtablets
2018-10-01;20420;C3_painkillers&stomachtablets
2013-01-01;161028;C3_perfume
2013-02-01;167347;C3_perfume
2013-03-01;184677;C3_perfume
2013-04-01;167527;C3_perfume
2013-05-01;166444;C3_perfume
2013-06-01;165722;C3_perfume
2013-07-01;167888;C3_perfume
2013-08-01;168610;C3_perfume
2013-09-01;171319;C3_perfume
2013-10-01;182150;C3_perfume
2013-11-01;182150;C3_perfume
2013-12-01;196411;C3_perfume
2014-01-01;155432;C3_perfume
2014-02-01;154168;C3_perfume
2014-03-01;176915;C3_perfume
2014-04-01;157960;C3_perfume
2014-05-01;160487;C3_perfume
2014-06-01;155974;C3_perfume
2014-07-01;156877;C3_perfume
2014-08-01;161931;C3_perfume
2014-09-01;159765;C3_perfume
2014-10-01;171499;C3_perfume
2014-11-01;174748;C3_perfume
2014-12-01;190273;C3_perfume
2015-01-01;152002;C3_perfume
2015-02-01;154168;C3_perfume
2015-03-01;168430;C3_perfume
2015-04-01;165542;C3_perfume
2015-05-01;163014;C3_perfume
2015-06-01;150378;C3_perfume
2015-07-01;158862;C3_perfume
2015-08-01;161209;C3_perfume
2015-09-01;161750;C3_perfume
2015-10-01;171860;C3_perfume
2015-11-01;171319;C3_perfume
2015-12-01;190634;C3_perfume
2016-01-01;142435;C3_perfume
2016-02-01;142796;C3_perfume
2016-03-01;155793;C3_perfume
2016-04-01;146586;C3_perfume
2016-05-01;144962;C3_perfume
2016-06-01;142615;C3_perfume
2016-07-01;145684;C3_perfume
2016-08-01;145503;C3_perfume
2016-09-01;150017;C3_perfume
2016-10-01;157599;C3_perfume
2016-11-01;158140;C3_perfume
2016-12-01;174929;C3_perfume
2017-01-01;138463;C3_perfume
2017-02-01;144781;C3_perfume
2017-03-01;154529;C3_perfume
2017-04-01;148211;C3_perfume
2017-05-01;144059;C3_perfume
2017-06-01;139365;C3_perfume
2017-07-01;146947;C3_perfume
2017-08-01;147669;C3_perfume
2017-09-01;145864;C3_perfume
2017-10-01;154168;C3_perfume
2017-11-01;155252;C3_perfume
2017-12-01;172763;C3_perfume
2018-01-01;136297;C3_perfume
2018-02-01;137921;C3_perfume
2018-03-01;150919;C3_perfume
2018-04-01;147128;C3_perfume
2018-05-01;144962;C3_perfume
2018-06-01;132586;C3_perfume
2018-07-01;136240;C3_perfume
2018-08-01;138224;C3_perfume
2018-09-01;139629;C3_perfume
2018-10-01;149691;C3_perfume
2013-01-01;29666;C4_gift_sets
2013-02-01;26459;C4_gift_sets
2013-03-01;28585;C4_gift_sets
2013-04-01;29038;C4_gift_sets
2013-05-01;24541;C4_gift_sets
2013-06-01;25936;C4_gift_sets
2013-07-01;31374;C4_gift_sets
2013-08-01;38973;C4_gift_sets
2013-09-01;33431;C4_gift_sets
2013-10-01;32106;C4_gift_sets
2013-11-01;33500;C4_gift_sets
2013-12-01;56752;C4_gift_sets
2014-01-01;29631;C4_gift_sets
2014-02-01;24646;C4_gift_sets
2014-03-01;27958;C4_gift_sets
2014-04-01;24367;C4_gift_sets
2014-05-01;24123;C4_gift_sets
2014-06-01;24123;C4_gift_sets
2014-07-01;30293;C4_gift_sets
2014-08-01;37196;C4_gift_sets
2014-09-01;32211;C4_gift_sets
2014-10-01;31374;C4_gift_sets
2014-11-01;33291;C4_gift_sets
2014-12-01;55218;C4_gift_sets
2015-01-01;27818;C4_gift_sets
2015-02-01;23670;C4_gift_sets
2015-03-01;23461;C4_gift_sets
2015-04-01;24960;C4_gift_sets
2015-05-01;24228;C4_gift_sets
2015-06-01;21927;C4_gift_sets
2015-07-01;27644;C4_gift_sets
2015-08-01;34442;C4_gift_sets
2015-09-01;32908;C4_gift_sets
2015-10-01;30293;C4_gift_sets
2015-11-01;32211;C4_gift_sets
2015-12-01;54695;C4_gift_sets
2016-01-01;27121;C4_gift_sets
2016-02-01;23496;C4_gift_sets
2016-03-01;25274;C4_gift_sets
2016-04-01;23809;C4_gift_sets
2016-05-01;21648;C4_gift_sets
2016-06-01;22450;C4_gift_sets
2016-07-01;27679;C4_gift_sets
2016-08-01;33396;C4_gift_sets
2016-09-01;33117;C4_gift_sets
2016-10-01;29282;C4_gift_sets
2016-11-01;31827;C4_gift_sets
2016-12-01;52499;C4_gift_sets
2017-01-01;25029;C4_gift_sets
2017-02-01;23531;C4_gift_sets
2017-03-01;25727;C4_gift_sets
2017-04-01;23182;C4_gift_sets
2017-05-01;20428;C4_gift_sets
2017-06-01;21962;C4_gift_sets
2017-07-01;26354;C4_gift_sets
2017-08-01;31897;C4_gift_sets
2017-09-01;30712;C4_gift_sets
2017-10-01;27749;C4_gift_sets
2017-11-01;31897;C4_gift_sets
2017-12-01;50373;C4_gift_sets
2018-01-01;23635;C4_gift_sets
2018-02-01;20184;C4_gift_sets
2018-03-01;22729;C4_gift_sets
2018-04-01;22450;C4_gift_sets
2018-05-01;20672;C4_gift_sets
2018-06-01;19706;C4_gift_sets
2018-07-01;25367;C4_gift_sets
2018-08-01;32190;C4_gift_sets
2018-09-01;29205;C4_gift_sets
2018-10-01;27187;C4_gift_sets
2013-01-01;63794;C4_nail&hair
2013-02-01;57885;C4_nail&hair
2013-03-01;64474;C4_nail&hair
2013-04-01;58251;C4_nail&hair
2013-05-01;56787;C4_nail&hair
2013-06-01;60813;C4_nail&hair
2013-07-01;65938;C4_nail&hair
2013-08-01;61127;C4_nail&hair
2013-09-01;62591;C4_nail&hair
2013-10-01;64317;C4_nail&hair
2013-11-01;73572;C4_nail&hair
2013-12-01;84239;C4_nail&hair
2014-01-01;72422;C4_nail&hair
2014-02-01;58042;C4_nail&hair
2014-03-01;62853;C4_nail&hair
2014-04-01;59454;C4_nail&hair
2014-05-01;55166;C4_nail&hair
2014-06-01;59924;C4_nail&hair
2014-07-01;64892;C4_nail&hair
2014-08-01;58042;C4_nail&hair
2014-09-01;68134;C4_nail&hair
2014-10-01;71324;C4_nail&hair
2014-11-01;80422;C4_nail&hair
2014-12-01;92972;C4_nail&hair
2015-01-01;74879;C4_nail&hair
2015-02-01;61022;C4_nail&hair
2015-03-01;65101;C4_nail&hair
2015-04-01;65572;C4_nail&hair
2015-05-01;62173;C4_nail&hair
2015-06-01;57362;C4_nail&hair
2015-07-01;63637;C4_nail&hair
2015-08-01;55427;C4_nail&hair
2015-09-01;75141;C4_nail&hair
2015-10-01;78592;C4_nail&hair
2015-11-01;81572;C4_nail&hair
2015-12-01;95586;C4_nail&hair
2016-01-01;72631;C4_nail&hair
2016-02-01;65258;C4_nail&hair
2016-03-01;72788;C4_nail&hair
2016-04-01;66147;C4_nail&hair
2016-05-01;61022;C4_nail&hair
2016-06-01;66983;C4_nail&hair
2016-07-01;74147;C4_nail&hair
2016-08-01;62853;C4_nail&hair
2016-09-01;76030;C4_nail&hair
2016-10-01;78906;C4_nail&hair
2016-11-01;80422;C4_nail&hair
2016-12-01;100397;C4_nail&hair
2017-01-01;67663;C4_nail&hair
2017-02-01;67297;C4_nail&hair
2017-03-01;68761;C4_nail&hair
2017-04-01;66722;C4_nail&hair
2017-05-01;59401;C4_nail&hair
2017-06-01;66461;C4_nail&hair
2017-07-01;63689;C4_nail&hair
2017-08-01;64944;C4_nail&hair
2017-09-01;73520;C4_nail&hair
2017-10-01;76866;C4_nail&hair
2017-11-01;77755;C4_nail&hair
2017-12-01;103482;C4_nail&hair
2018-01-01;74304;C4_nail&hair
2018-02-01;63898;C4_nail&hair
2018-03-01;74566;C4_nail&hair
2018-04-01;64892;C4_nail&hair
2018-05-01;65049;C4_nail&hair
2018-06-01;64868;C4_nail&hair
2018-07-01;70775;C4_nail&hair
2018-08-01;63011;C4_nail&hair
2018-09-01;74150;C4_nail&hair
2018-10-01;76988;C4_nail&hair
2013-01-01;19561;C4_painkillers&stomachtablets
2013-02-01;18306;C4_painkillers&stomachtablets
2013-03-01;23506;C4_painkillers&stomachtablets
2013-04-01;21653;C4_painkillers&stomachtablets
2013-05-01;23187;C4_painkillers&stomachtablets
2013-06-01;23944;C4_painkillers&stomachtablets
2013-07-01;26633;C4_painkillers&stomachtablets
2013-08-01;26374;C4_painkillers&stomachtablets
2013-09-01;25478;C4_painkillers&stomachtablets
2013-10-01;23964;C4_painkillers&stomachtablets
2013-11-01;24502;C4_painkillers&stomachtablets
2013-12-01;37450;C4_painkillers&stomachtablets
2014-01-01;19183;C4_painkillers&stomachtablets
2014-02-01;17330;C4_painkillers&stomachtablets
2014-03-01;21812;C4_painkillers&stomachtablets
2014-04-01;21792;C4_painkillers&stomachtablets
2014-05-01;22510;C4_painkillers&stomachtablets
2014-06-01;22430;C4_painkillers&stomachtablets
2014-07-01;24561;C4_painkillers&stomachtablets
2014-08-01;28565;C4_painkillers&stomachtablets
2014-09-01;24741;C4_painkillers&stomachtablets
2014-10-01;23884;C4_painkillers&stomachtablets
2014-11-01;24243;C4_painkillers&stomachtablets
2014-12-01;37390;C4_painkillers&stomachtablets
2015-01-01;19083;C4_painkillers&stomachtablets
2015-02-01;18665;C4_painkillers&stomachtablets
2015-03-01;21095;C4_painkillers&stomachtablets
2015-04-01;21314;C4_painkillers&stomachtablets
2015-05-01;22171;C4_painkillers&stomachtablets
2015-06-01;20199;C4_painkillers&stomachtablets
2015-07-01;22988;C4_painkillers&stomachtablets
2015-08-01;27669;C4_painkillers&stomachtablets
2015-09-01;24780;C4_painkillers&stomachtablets
2015-10-01;24721;C4_painkillers&stomachtablets
2015-11-01;24143;C4_painkillers&stomachtablets
2015-12-01;39183;C4_painkillers&stomachtablets
2016-01-01;21414;C4_painkillers&stomachtablets
2016-02-01;21474;C4_painkillers&stomachtablets
2016-03-01;25597;C4_painkillers&stomachtablets
2016-04-01;23565;C4_painkillers&stomachtablets
2016-05-01;24541;C4_painkillers&stomachtablets
2016-06-01;27051;C4_painkillers&stomachtablets
2016-07-01;25757;C4_painkillers&stomachtablets
2016-08-01;25976;C4_painkillers&stomachtablets
2016-09-01;23526;C4_painkillers&stomachtablets
2016-10-01;23446;C4_painkillers&stomachtablets
2016-11-01;22569;C4_painkillers&stomachtablets
2016-12-01;40338;C4_painkillers&stomachtablets
2017-01-01;20020;C4_painkillers&stomachtablets
2017-02-01;19641;C4_painkillers&stomachtablets
2017-03-01;24123;C4_painkillers&stomachtablets
2017-04-01;22569;C4_painkillers&stomachtablets
2017-05-01;19243;C4_painkillers&stomachtablets
2017-06-01;22310;C4_painkillers&stomachtablets
2017-07-01;22988;C4_painkillers&stomachtablets
2017-08-01;23585;C4_painkillers&stomachtablets
2017-09-01;22669;C4_painkillers&stomachtablets
2017-10-01;22569;C4_painkillers&stomachtablets
2017-11-01;25079;C4_painkillers&stomachtablets
2017-12-01;35557;C4_painkillers&stomachtablets
2018-01-01;20617;C4_painkillers&stomachtablets
2018-02-01;22330;C4_painkillers&stomachtablets
2018-03-01;24024;C4_painkillers&stomachtablets
2018-04-01;23725;C4_painkillers&stomachtablets
2018-05-01;22868;C4_painkillers&stomachtablets
2018-06-01;23906;C4_painkillers&stomachtablets
2018-07-01;25485;C4_painkillers&stomachtablets
2018-08-01;27646;C4_painkillers&stomachtablets
2018-09-01;25132;C4_painkillers&stomachtablets
2018-10-01;24504;C4_painkillers&stomachtablets
2013-01-01;193234;C4_perfume
2013-02-01;200816;C4_perfume
2013-03-01;221612;C4_perfume
2013-04-01;201033;C4_perfume
2013-05-01;199733;C4_perfume
2013-06-01;198866;C4_perfume
2013-07-01;201466;C4_perfume
2013-08-01;202332;C4_perfume
2013-09-01;205582;C4_perfume
2013-10-01;218580;C4_perfume
2013-11-01;218580;C4_perfume
2013-12-01;235693;C4_perfume
2014-01-01;186518;C4_perfume
2014-02-01;185002;C4_perfume
2014-03-01;212297;C4_perfume
2014-04-01;189551;C4_perfume
2014-05-01;192584;C4_perfume
2014-06-01;187168;C4_perfume
2014-07-01;188251;C4_perfume
2014-08-01;194317;C4_perfume
2014-09-01;191718;C4_perfume
2014-10-01;205799;C4_perfume
2014-11-01;209698;C4_perfume
2014-12-01;228328;C4_perfume
2015-01-01;182402;C4_perfume
2015-02-01;185002;C4_perfume
2015-03-01;202116;C4_perfume
2015-04-01;198650;C4_perfume
2015-05-01;195617;C4_perfume
2015-06-01;180453;C4_perfume
2015-07-01;190634;C4_perfume
2015-08-01;193451;C4_perfume
2015-09-01;194100;C4_perfume
2015-10-01;206232;C4_perfume
2015-11-01;205582;C4_perfume
2015-12-01;228761;C4_perfume
2016-01-01;170921;C4_perfume
2016-02-01;171354;C4_perfume
2016-03-01;186952;C4_perfume
2016-04-01;175904;C4_perfume
2016-05-01;173954;C4_perfume
2016-06-01;171138;C4_perfume
2016-07-01;174820;C4_perfume
2016-08-01;174604;C4_perfume
2016-09-01;180020;C4_perfume
2016-10-01;189118;C4_perfume
2016-11-01;189768;C4_perfume
2016-12-01;209914;C4_perfume
2017-01-01;166155;C4_perfume
2017-02-01;173737;C4_perfume
2017-03-01;185435;C4_perfume
2017-04-01;177853;C4_perfume
2017-05-01;172871;C4_perfume
2017-06-01;167238;C4_perfume
2017-07-01;176337;C4_perfume
2017-08-01;177203;C4_perfume
2017-09-01;175037;C4_perfume
2017-10-01;185002;C4_perfume
2017-11-01;186302;C4_perfume
2017-12-01;207315;C4_perfume
2018-01-01;163556;C4_perfume
2018-02-01;165505;C4_perfume
2018-03-01;181103;C4_perfume
2018-04-01;176553;C4_perfume
2018-05-01;173954;C4_perfume
2018-06-01;159109;C4_perfume
2018-07-01;163487;C4_perfume
2018-08-01;165875;C4_perfume
2018-09-01;167545;C4_perfume
2018-10-01;179624;C4_perfume
2013-01-01;28183;C5_gift_sets
2013-02-01;25136;C5_gift_sets
2013-03-01;27156;C5_gift_sets
2013-04-01;27587;C5_gift_sets
2013-05-01;23315;C5_gift_sets
2013-06-01;24639;C5_gift_sets
2013-07-01;29805;C5_gift_sets
2013-08-01;37025;C5_gift_sets
2013-09-01;31759;C5_gift_sets
2013-10-01;30501;C5_gift_sets
2013-11-01;31826;C5_gift_sets
2013-12-01;53914;C5_gift_sets
2014-01-01;28149;C5_gift_sets
2014-02-01;23413;C5_gift_sets
2014-03-01;26560;C5_gift_sets
2014-04-01;23149;C5_gift_sets
2014-05-01;22917;C5_gift_sets
2014-06-01;22917;C5_gift_sets
2014-07-01;28779;C5_gift_sets
2014-08-01;35336;C5_gift_sets
2014-09-01;30600;C5_gift_sets
2014-10-01;29805;C5_gift_sets
2014-11-01;31627;C5_gift_sets
2014-12-01;52458;C5_gift_sets
2015-01-01;26427;C5_gift_sets
2015-02-01;22486;C5_gift_sets
2015-03-01;22288;C5_gift_sets
2015-04-01;23711;C5_gift_sets
2015-05-01;23017;C5_gift_sets
2015-06-01;20831;C5_gift_sets
2015-07-01;26262;C5_gift_sets
2015-08-01;32719;C5_gift_sets
2015-09-01;31263;C5_gift_sets
2015-10-01;28779;C5_gift_sets
2015-11-01;30600;C5_gift_sets
2015-12-01;51960;C5_gift_sets
2016-01-01;25765;C5_gift_sets
2016-02-01;22321;C5_gift_sets
2016-03-01;24010;C5_gift_sets
2016-04-01;22619;C5_gift_sets
2016-05-01;20566;C5_gift_sets
2016-06-01;21328;C5_gift_sets
2016-07-01;26295;C5_gift_sets
2016-08-01;31726;C5_gift_sets
2016-09-01;31461;C5_gift_sets
2016-10-01;27818;C5_gift_sets
2016-11-01;30236;C5_gift_sets
2016-12-01;49874;C5_gift_sets
2017-01-01;23778;C5_gift_sets
2017-02-01;22354;C5_gift_sets
2017-03-01;24440;C5_gift_sets
2017-04-01;22023;C5_gift_sets
2017-05-01;19406;C5_gift_sets
2017-06-01;20864;C5_gift_sets
2017-07-01;25036;C5_gift_sets
2017-08-01;30302;C5_gift_sets
2017-09-01;29176;C5_gift_sets
2017-10-01;26361;C5_gift_sets
2017-11-01;30302;C5_gift_sets
2017-12-01;47854;C5_gift_sets
2018-01-01;22453;C5_gift_sets
2018-02-01;19175;C5_gift_sets
2018-03-01;21592;C5_gift_sets
2018-04-01;21328;C5_gift_sets
2018-05-01;19639;C5_gift_sets
2018-06-01;18721;C5_gift_sets
2018-07-01;24099;C5_gift_sets
2018-08-01;30580;C5_gift_sets
2018-09-01;27753;C5_gift_sets
2018-10-01;25828;C5_gift_sets
2013-01-01;60604;C5_nail&hair
2013-02-01;54991;C5_nail&hair
2013-03-01;61250;C5_nail&hair
2013-04-01;55339;C5_nail&hair
2013-05-01;53948;C5_nail&hair
2013-06-01;57773;C5_nail&hair
2013-07-01;62641;C5_nail&hair
2013-08-01;58071;C5_nail&hair
2013-09-01;59461;C5_nail&hair
2013-10-01;61101;C5_nail&hair
2013-11-01;69893;C5_nail&hair
2013-12-01;80027;C5_nail&hair
2014-01-01;68800;C5_nail&hair
2014-02-01;55140;C5_nail&hair
2014-03-01;59710;C5_nail&hair
2014-04-01;56481;C5_nail&hair
2014-05-01;52408;C5_nail&hair
2014-06-01;56928;C5_nail&hair
2014-07-01;61647;C5_nail&hair
2014-08-01;55140;C5_nail&hair
2014-09-01;64728;C5_nail&hair
2014-10-01;67757;C5_nail&hair
2014-11-01;76401;C5_nail&hair
2014-12-01;88323;C5_nail&hair
2015-01-01;71135;C5_nail&hair
2015-02-01;57971;C5_nail&hair
2015-03-01;61846;C5_nail&hair
2015-04-01;62293;C5_nail&hair
2015-05-01;59064;C5_nail&hair
2015-06-01;54494;C5_nail&hair
2015-07-01;60455;C5_nail&hair
2015-08-01;52656;C5_nail&hair
2015-09-01;71383;C5_nail&hair
2015-10-01;74663;C5_nail&hair
2015-11-01;77494;C5_nail&hair
2015-12-01;90807;C5_nail&hair
2016-01-01;69000;C5_nail&hair
2016-02-01;61995;C5_nail&hair
2016-03-01;69148;C5_nail&hair
2016-04-01;62839;C5_nail&hair
2016-05-01;57971;C5_nail&hair
2016-06-01;63634;C5_nail&hair
2016-07-01;70440;C5_nail&hair
2016-08-01;59710;C5_nail&hair
2016-09-01;72228;C5_nail&hair
2016-10-01;74961;C5_nail&hair
2016-11-01;76401;C5_nail&hair
2016-12-01;95377;C5_nail&hair
2017-01-01;64280;C5_nail&hair
2017-02-01;63932;C5_nail&hair
2017-03-01;65323;C5_nail&hair
2017-04-01;63386;C5_nail&hair
2017-05-01;56432;C5_nail&hair
2017-06-01;63137;C5_nail&hair
2017-07-01;60505;C5_nail&hair
2017-08-01;61697;C5_nail&hair
2017-09-01;69844;C5_nail&hair
2017-10-01;73023;C5_nail&hair
2017-11-01;73868;C5_nail&hair
2017-12-01;98308;C5_nail&hair
2018-01-01;70589;C5_nail&hair
2018-02-01;60704;C5_nail&hair
2018-03-01;70837;C5_nail&hair
2018-04-01;61647;C5_nail&hair
2018-05-01;61796;C5_nail&hair
2018-06-01;61624;C5_nail&hair
2018-07-01;67237;C5_nail&hair
2018-08-01;59860;C5_nail&hair
2018-09-01;70444;C5_nail&hair
2018-10-01;73145;C5_nail&hair
2013-01-01;18584;C5_painkillers&stomachtablets
2013-02-01;17391;C5_painkillers&stomachtablets
2013-03-01;22330;C5_painkillers&stomachtablets
2013-04-01;20571;C5_painkillers&stomachtablets
2013-05-01;22027;C5_painkillers&stomachtablets
2013-06-01;22747;C5_painkillers&stomachtablets
2013-07-01;25302;C5_painkillers&stomachtablets
2013-08-01;25055;C5_painkillers&stomachtablets
2013-09-01;24204;C5_painkillers&stomachtablets
2013-10-01;22765;C5_painkillers&stomachtablets
2013-11-01;23277;C5_painkillers&stomachtablets
2013-12-01;35577;C5_painkillers&stomachtablets
2014-01-01;18223;C5_painkillers&stomachtablets
2014-02-01;16464;C5_painkillers&stomachtablets
2014-03-01;20722;C5_painkillers&stomachtablets
2014-04-01;20703;C5_painkillers&stomachtablets
2014-05-01;21384;C5_painkillers&stomachtablets
2014-06-01;21309;C5_painkillers&stomachtablets
2014-07-01;23333;C5_painkillers&stomachtablets
2014-08-01;27137;C5_painkillers&stomachtablets
2014-09-01;23504;C5_painkillers&stomachtablets
2014-10-01;22690;C5_painkillers&stomachtablets
2014-11-01;23031;C5_painkillers&stomachtablets
2014-12-01;35521;C5_painkillers&stomachtablets
2015-01-01;18129;C5_painkillers&stomachtablets
2015-02-01;17732;C5_painkillers&stomachtablets
2015-03-01;20040;C5_painkillers&stomachtablets
2015-04-01;20249;C5_painkillers&stomachtablets
2015-05-01;21062;C5_painkillers&stomachtablets
2015-06-01;19189;C5_painkillers&stomachtablets
2015-07-01;21838;C5_painkillers&stomachtablets
2015-08-01;26285;C5_painkillers&stomachtablets
2015-09-01;23541;C5_painkillers&stomachtablets
2015-10-01;23485;C5_painkillers&stomachtablets
2015-11-01;22936;C5_painkillers&stomachtablets
2015-12-01;37224;C5_painkillers&stomachtablets
2016-01-01;20343;C5_painkillers&stomachtablets
2016-02-01;20400;C5_painkillers&stomachtablets
2016-03-01;24317;C5_painkillers&stomachtablets
2016-04-01;22387;C5_painkillers&stomachtablets
2016-05-01;23315;C5_painkillers&stomachtablets
2016-06-01;25698;C5_painkillers&stomachtablets
2016-07-01;24468;C5_painkillers&stomachtablets
2016-08-01;24677;C5_painkillers&stomachtablets
2016-09-01;22349;C5_painkillers&stomachtablets
2016-10-01;22274;C5_painkillers&stomachtablets
2016-11-01;21441;C5_painkillers&stomachtablets
2016-12-01;38321;C5_painkillers&stomachtablets
2017-01-01;19019;C5_painkillers&stomachtablets
2017-02-01;18659;C5_painkillers&stomachtablets
2017-03-01;22917;C5_painkillers&stomachtablets
2017-04-01;21441;C5_painkillers&stomachtablets
2017-05-01;18281;C5_painkillers&stomachtablets
2017-06-01;21195;C5_painkillers&stomachtablets
2017-07-01;21838;C5_painkillers&stomachtablets
2017-08-01;22406;C5_painkillers&stomachtablets
2017-09-01;21535;C5_painkillers&stomachtablets
2017-10-01;21441;C5_painkillers&stomachtablets
2017-11-01;23825;C5_painkillers&stomachtablets
2017-12-01;33779;C5_painkillers&stomachtablets
2018-01-01;19586;C5_painkillers&stomachtablets
2018-02-01;21214;C5_painkillers&stomachtablets
2018-03-01;22823;C5_painkillers&stomachtablets
2018-04-01;22539;C5_painkillers&stomachtablets
2018-05-01;21724;C5_painkillers&stomachtablets
2018-06-01;22710;C5_painkillers&stomachtablets
2018-07-01;24210;C5_painkillers&stomachtablets
2018-08-01;26264;C5_painkillers&stomachtablets
2018-09-01;23875;C5_painkillers&stomachtablets
2018-10-01;23278;C5_painkillers&stomachtablets
2013-01-01;183572;C5_perfume
2013-02-01;190776;C5_perfume
2013-03-01;210532;C5_perfume
2013-04-01;190981;C5_perfume
2013-05-01;189746;C5_perfume
2013-06-01;188923;C5_perfume
2013-07-01;191393;C5_perfume
2013-08-01;192216;C5_perfume
2013-09-01;195303;C5_perfume
2013-10-01;207651;C5_perfume
2013-11-01;207651;C5_perfume
2013-12-01;223909;C5_perfume
2014-01-01;177193;C5_perfume
2014-02-01;175752;C5_perfume
2014-03-01;201683;C5_perfume
2014-04-01;180073;C5_perfume
2014-05-01;182955;C5_perfume
2014-06-01;177810;C5_perfume
2014-07-01;178839;C5_perfume
2014-08-01;184601;C5_perfume
2014-09-01;182132;C5_perfume
2014-10-01;195509;C5_perfume
2014-11-01;199213;C5_perfume
2014-12-01;216911;C5_perfume
2015-01-01;173282;C5_perfume
2015-02-01;175752;C5_perfume
2015-03-01;192010;C5_perfume
2015-04-01;188717;C5_perfume
2015-05-01;185836;C5_perfume
2015-06-01;171430;C5_perfume
2015-07-01;181103;C5_perfume
2015-08-01;183778;C5_perfume
2015-09-01;184395;C5_perfume
2015-10-01;195920;C5_perfume
2015-11-01;195303;C5_perfume
2015-12-01;217323;C5_perfume
2016-01-01;162375;C5_perfume
2016-02-01;162786;C5_perfume
2016-03-01;177604;C5_perfume
2016-04-01;167108;C5_perfume
2016-05-01;165256;C5_perfume
2016-06-01;162581;C5_perfume
2016-07-01;166080;C5_perfume
2016-08-01;165874;C5_perfume
2016-09-01;171018;C5_perfume
2016-10-01;179662;C5_perfume
2016-11-01;180279;C5_perfume
2016-12-01;199419;C5_perfume
2017-01-01;157848;C5_perfume
2017-02-01;165050;C5_perfume
2017-03-01;176163;C5_perfume
2017-04-01;168961;C5_perfume
2017-05-01;164227;C5_perfume
2017-06-01;158876;C5_perfume
2017-07-01;167520;C5_perfume
2017-08-01;168343;C5_perfume
2017-09-01;166286;C5_perfume
2017-10-01;175752;C5_perfume
2017-11-01;176987;C5_perfume
2017-12-01;196949;C5_perfume
2018-01-01;155378;C5_perfume
2018-02-01;157230;C5_perfume
2018-03-01;172047;C5_perfume
2018-04-01;167726;C5_perfume
2018-05-01;165256;C5_perfume
2018-06-01;151149;C5_perfume
2018-07-01;155313;C5_perfume
2018-08-01;157579;C5_perfume
2018-09-01;159177;C5_perfume
2018-10-01;170672;C5_perfume
2013-01-01;17799;C6_gift_sets
2013-02-01;15875;C6_gift_sets
2013-03-01;17151;C6_gift_sets
2013-04-01;17423;C6_gift_sets
2013-05-01;14725;C6_gift_sets
2013-06-01;15562;C6_gift_sets
2013-07-01;18824;C6_gift_sets
2013-08-01;23384;C6_gift_sets
2013-09-01;20059;C6_gift_sets
2013-10-01;19263;C6_gift_sets
2013-11-01;20100;C6_gift_sets
2013-12-01;34052;C6_gift_sets
2014-01-01;17779;C6_gift_sets
2014-02-01;14787;C6_gift_sets
2014-03-01;16774;C6_gift_sets
2014-04-01;14620;C6_gift_sets
2014-05-01;14474;C6_gift_sets
2014-06-01;14474;C6_gift_sets
2014-07-01;18176;C6_gift_sets
2014-08-01;22317;C6_gift_sets
2014-09-01;19327;C6_gift_sets
2014-10-01;18824;C6_gift_sets
2014-11-01;19975;C6_gift_sets
2014-12-01;33131;C6_gift_sets
2015-01-01;16691;C6_gift_sets
2015-02-01;14202;C6_gift_sets
2015-03-01;14077;C6_gift_sets
2015-04-01;14976;C6_gift_sets
2015-05-01;14537;C6_gift_sets
2015-06-01;13156;C6_gift_sets
2015-07-01;16587;C6_gift_sets
2015-08-01;20665;C6_gift_sets
2015-09-01;19745;C6_gift_sets
2015-10-01;18176;C6_gift_sets
2015-11-01;19327;C6_gift_sets
2015-12-01;32817;C6_gift_sets
2016-01-01;16273;C6_gift_sets
2016-02-01;14098;C6_gift_sets
2016-03-01;15164;C6_gift_sets
2016-04-01;14286;C6_gift_sets
2016-05-01;12989;C6_gift_sets
2016-06-01;13470;C6_gift_sets
2016-07-01;16607;C6_gift_sets
2016-08-01;20038;C6_gift_sets
2016-09-01;19870;C6_gift_sets
2016-10-01;17569;C6_gift_sets
2016-11-01;19097;C6_gift_sets
2016-12-01;31499;C6_gift_sets
2017-01-01;15018;C6_gift_sets
2017-02-01;14118;C6_gift_sets
2017-03-01;15436;C6_gift_sets
2017-04-01;13909;C6_gift_sets
2017-05-01;12257;C6_gift_sets
2017-06-01;13177;C6_gift_sets
2017-07-01;15812;C6_gift_sets
2017-08-01;19138;C6_gift_sets
2017-09-01;18427;C6_gift_sets
2017-10-01;16649;C6_gift_sets
2017-11-01;19138;C6_gift_sets
2017-12-01;30224;C6_gift_sets
2018-01-01;14181;C6_gift_sets
2018-02-01;12111;C6_gift_sets
2018-03-01;13637;C6_gift_sets
2018-04-01;13470;C6_gift_sets
2018-05-01;12404;C6_gift_sets
2018-06-01;11823;C6_gift_sets
2018-07-01;15221;C6_gift_sets
2018-08-01;19314;C6_gift_sets
2018-09-01;17523;C6_gift_sets
2018-10-01;16313;C6_gift_sets
2013-01-01;38276;C6_nail&hair
2013-02-01;34731;C6_nail&hair
2013-03-01;38684;C6_nail&hair
2013-04-01;34950;C6_nail&hair
2013-05-01;34072;C6_nail&hair
2013-06-01;36488;C6_nail&hair
2013-07-01;39563;C6_nail&hair
2013-08-01;36676;C6_nail&hair
2013-09-01;37555;C6_nail&hair
2013-10-01;38590;C6_nail&hair
2013-11-01;44144;C6_nail&hair
2013-12-01;50544;C6_nail&hair
2014-01-01;43453;C6_nail&hair
2014-02-01;34825;C6_nail&hair
2014-03-01;37712;C6_nail&hair
2014-04-01;35673;C6_nail&hair
2014-05-01;33100;C6_nail&hair
2014-06-01;35955;C6_nail&hair
2014-07-01;38935;C6_nail&hair
2014-08-01;34825;C6_nail&hair
2014-09-01;40880;C6_nail&hair
2014-10-01;42794;C6_nail&hair
2014-11-01;48253;C6_nail&hair
2014-12-01;55783;C6_nail&hair
2015-01-01;44928;C6_nail&hair
2015-02-01;36614;C6_nail&hair
2015-03-01;39061;C6_nail&hair
2015-04-01;39343;C6_nail&hair
2015-05-01;37304;C6_nail&hair
2015-06-01;34418;C6_nail&hair
2015-07-01;38182;C6_nail&hair
2015-08-01;33256;C6_nail&hair
2015-09-01;45085;C6_nail&hair
2015-10-01;47155;C6_nail&hair
2015-11-01;48943;C6_nail&hair
2015-12-01;57351;C6_nail&hair
2016-01-01;43578;C6_nail&hair
2016-02-01;39154;C6_nail&hair
2016-03-01;43673;C6_nail&hair
2016-04-01;39688;C6_nail&hair
2016-05-01;36614;C6_nail&hair
2016-06-01;40190;C6_nail&hair
2016-07-01;44488;C6_nail&hair
2016-08-01;37712;C6_nail&hair
2016-09-01;45618;C6_nail&hair
2016-10-01;47343;C6_nail&hair
2016-11-01;48253;C6_nail&hair
2016-12-01;60238;C6_nail&hair
2017-01-01;40598;C6_nail&hair
2017-02-01;40379;C6_nail&hair
2017-03-01;41257;C6_nail&hair
2017-04-01;40033;C6_nail&hair
2017-05-01;35641;C6_nail&hair
2017-06-01;39877;C6_nail&hair
2017-07-01;38213;C6_nail&hair
2017-08-01;38967;C6_nail&hair
2017-09-01;44112;C6_nail&hair
2017-10-01;46120;C6_nail&hair
2017-11-01;46653;C6_nail&hair
2017-12-01;62089;C6_nail&hair
2018-01-01;44583;C6_nail&hair
2018-02-01;38339;C6_nail&hair
2018-03-01;44739;C6_nail&hair
2018-04-01;38935;C6_nail&hair
2018-05-01;39029;C6_nail&hair
2018-06-01;38920;C6_nail&hair
2018-07-01;42465;C6_nail&hair
2018-08-01;37807;C6_nail&hair
2018-09-01;44490;C6_nail&hair
2018-10-01;46193;C6_nail&hair
2013-01-01;11737;C6_painkillers&stomachtablets
2013-02-01;10984;C6_painkillers&stomachtablets
2013-03-01;14103;C6_painkillers&stomachtablets
2013-04-01;12992;C6_painkillers&stomachtablets
2013-05-01;13912;C6_painkillers&stomachtablets
2013-06-01;14366;C6_painkillers&stomachtablets
2013-07-01;15980;C6_painkillers&stomachtablets
2013-08-01;15825;C6_painkillers&stomachtablets
2013-09-01;15287;C6_painkillers&stomachtablets
2013-10-01;14378;C6_painkillers&stomachtablets
2013-11-01;14701;C6_painkillers&stomachtablets
2013-12-01;22470;C6_painkillers&stomachtablets
2014-01-01;11510;C6_painkillers&stomachtablets
2014-02-01;10398;C6_painkillers&stomachtablets
2014-03-01;13087;C6_painkillers&stomachtablets
2014-04-01;13076;C6_painkillers&stomachtablets
2014-05-01;13506;C6_painkillers&stomachtablets
2014-06-01;13458;C6_painkillers&stomachtablets
2014-07-01;14737;C6_painkillers&stomachtablets
2014-08-01;17140;C6_painkillers&stomachtablets
2014-09-01;14845;C6_painkillers&stomachtablets
2014-10-01;14331;C6_painkillers&stomachtablets
2014-11-01;14546;C6_painkillers&stomachtablets
2014-12-01;22434;C6_painkillers&stomachtablets
2015-01-01;11450;C6_painkillers&stomachtablets
2015-02-01;11199;C6_painkillers&stomachtablets
2015-03-01;12658;C6_painkillers&stomachtablets
2015-04-01;12789;C6_painkillers&stomachtablets
2015-05-01;13302;C6_painkillers&stomachtablets
2015-06-01;12120;C6_painkillers&stomachtablets
2015-07-01;13793;C6_painkillers&stomachtablets
2015-08-01;16602;C6_painkillers&stomachtablets
2015-09-01;14869;C6_painkillers&stomachtablets
2015-10-01;14832;C6_painkillers&stomachtablets
2015-11-01;14486;C6_painkillers&stomachtablets
2015-12-01;23510;C6_painkillers&stomachtablets
2016-01-01;12848;C6_painkillers&stomachtablets
2016-02-01;12884;C6_painkillers&stomachtablets
2016-03-01;15358;C6_painkillers&stomachtablets
2016-04-01;14139;C6_painkillers&stomachtablets
2016-05-01;14725;C6_painkillers&stomachtablets
2016-06-01;16231;C6_painkillers&stomachtablets
2016-07-01;15454;C6_painkillers&stomachtablets
2016-08-01;15586;C6_painkillers&stomachtablets
2016-09-01;14115;C6_painkillers&stomachtablets
2016-10-01;14068;C6_painkillers&stomachtablets
2016-11-01;13541;C6_painkillers&stomachtablets
2016-12-01;24203;C6_painkillers&stomachtablets
2017-01-01;12012;C6_painkillers&stomachtablets
2017-02-01;11784;C6_painkillers&stomachtablets
2017-03-01;14474;C6_painkillers&stomachtablets
2017-04-01;13541;C6_painkillers&stomachtablets
2017-05-01;11545;C6_painkillers&stomachtablets
2017-06-01;13386;C6_painkillers&stomachtablets
2017-07-01;13793;C6_painkillers&stomachtablets
2017-08-01;14152;C6_painkillers&stomachtablets
2017-09-01;13601;C6_painkillers&stomachtablets
2017-10-01;13541;C6_painkillers&stomachtablets
2017-11-01;15048;C6_painkillers&stomachtablets
2017-12-01;21334;C6_painkillers&stomachtablets
2018-01-01;12370;C6_painkillers&stomachtablets
2018-02-01;13398;C6_painkillers&stomachtablets
2018-03-01;14414;C6_painkillers&stomachtablets
2018-04-01;14235;C6_painkillers&stomachtablets
2018-05-01;13721;C6_painkillers&stomachtablets
2018-06-01;14343;C6_painkillers&stomachtablets
2018-07-01;15291;C6_painkillers&stomachtablets
2018-08-01;16592;C6_painkillers&stomachtablets
2018-09-01;15079;C6_painkillers&stomachtablets
2018-10-01;14703;C6_painkillers&stomachtablets
2013-01-01;115940;C6_perfume
2013-02-01;120489;C6_perfume
2013-03-01;132968;C6_perfume
2013-04-01;120620;C6_perfume
2013-05-01;119840;C6_perfume
2013-06-01;119320;C6_perfume
2013-07-01;120880;C6_perfume
2013-08-01;121399;C6_perfume
2013-09-01;123349;C6_perfume
2013-10-01;131147;C6_perfume
2013-11-01;131147;C6_perfume
2013-12-01;141416;C6_perfume
2014-01-01;111911;C6_perfume
2014-02-01;111001;C6_perfume
2014-03-01;127378;C6_perfume
2014-04-01;113731;C6_perfume
2014-05-01;115550;C6_perfume
2014-06-01;112301;C6_perfume
2014-07-01;112951;C6_perfume
2014-08-01;116590;C6_perfume
2014-09-01;115031;C6_perfume
2014-10-01;123479;C6_perfume
2014-11-01;125819;C6_perfume
2014-12-01;136996;C6_perfume
2015-01-01;109441;C6_perfume
2015-02-01;111001;C6_perfume
2015-03-01;121270;C6_perfume
2015-04-01;119190;C6_perfume
2015-05-01;117370;C6_perfume
2015-06-01;108272;C6_perfume
2015-07-01;114381;C6_perfume
2015-08-01;116071;C6_perfume
2015-09-01;116461;C6_perfume
2015-10-01;123739;C6_perfume
2015-11-01;123349;C6_perfume
2015-12-01;137257;C6_perfume
2016-01-01;102552;C6_perfume
2016-02-01;102813;C6_perfume
2016-03-01;112171;C6_perfume
2016-04-01;105542;C6_perfume
2016-05-01;104373;C6_perfume
2016-06-01;102683;C6_perfume
2016-07-01;104892;C6_perfume
2016-08-01;104763;C6_perfume
2016-09-01;108012;C6_perfume
2016-10-01;113471;C6_perfume
2016-11-01;113861;C6_perfume
2016-12-01;125948;C6_perfume
2017-01-01;99693;C6_perfume
2017-02-01;104242;C6_perfume
2017-03-01;111262;C6_perfume
2017-04-01;106712;C6_perfume
2017-05-01;103723;C6_perfume
2017-06-01;100343;C6_perfume
2017-07-01;105802;C6_perfume
2017-08-01;106322;C6_perfume
2017-09-01;105022;C6_perfume
2017-10-01;111001;C6_perfume
2017-11-01;111781;C6_perfume
2017-12-01;124389;C6_perfume
2018-01-01;98133;C6_perfume
2018-02-01;99303;C6_perfume
2018-03-01;108662;C6_perfume
2018-04-01;105932;C6_perfume
2018-05-01;104373;C6_perfume
2018-06-01;95462;C6_perfume
2018-07-01;98095;C6_perfume
2018-08-01;99520;C6_perfume
2018-09-01;100589;C6_perfume
2018-10-01;107815;C6_perfume
